This is pdfTeX, Version 3.141592653-2.6-1.40.22 (TeX Live 2022/dev/Debian) (preloaded format=pdflatex 2025.4.18)  28 APR 2025 01:09
entering extended mode
 restricted \write18 enabled.
 file:line:error style messages enabled.
 %&-line parsing enabled.
**/home/rantas/Prometheus/Simons/paper/main.tex
(/home/rantas/Prometheus/Simons/paper/main.tex
LaTeX2e <2021-11-15> patch level 1
L3 programming layer <2022-01-21> (/usr/share/texlive/texmf-dist/tex/latex/base/article.cls
Document Class: article 2021/10/04 v1.4n Standard LaTeX document class
(/usr/share/texlive/texmf-dist/tex/latex/base/size10.clo
File: size10.clo 2021/10/04 v1.4n Standard LaTeX file (size option)
)
\c@part=\count185
\c@section=\count186
\c@subsection=\count187
\c@subsubsection=\count188
\c@paragraph=\count189
\c@subparagraph=\count190
\c@figure=\count191
\c@table=\count192
\abovecaptionskip=\skip47
\belowcaptionskip=\skip48
\bibindent=\dimen138
) (/usr/share/texlive/texmf-dist/tex/latex/setspace/setspace.sty
Package: setspace 2011/12/19 v6.7a set line spacing
) (/usr/share/texlive/texmf-dist/tex/latex/parskip/parskip.sty
Package: parskip 2021-03-14 v2.0h non-zero parskip adjustments
 (/usr/share/texlive/texmf-dist/tex/latex/kvoptions/kvoptions.sty
Package: kvoptions 2020-10-07 v3.14 Key value format for package options (HO)
 (/usr/share/texlive/texmf-dist/tex/latex/graphics/keyval.sty
Package: keyval 2014/10/28 v1.15 key=value parser (DPC)
\KV@toks@=\toks16
) (/usr/share/texlive/texmf-dist/tex/generic/ltxcmds/ltxcmds.sty
Package: ltxcmds 2020-05-10 v1.25 LaTeX kernel commands for general use (HO)
) (/usr/share/texlive/texmf-dist/tex/generic/kvsetkeys/kvsetkeys.sty
Package: kvsetkeys 2019/12/15 v1.18 Key value parser (HO)
)) (/usr/share/texlive/texmf-dist/tex/latex/etoolbox/etoolbox.sty
Package: etoolbox 2020/10/05 v2.5k e-TeX tools for LaTeX (JAW)
\etb@tempcnta=\count193
)) (/usr/share/texlive/texmf-dist/tex/latex/amsmath/amsmath.sty
Package: amsmath 2021/10/15 v2.17l AMS math features
\@mathmargin=\skip49

For additional information on amsmath, use the `?' option.
(/usr/share/texlive/texmf-dist/tex/latex/amsmath/amstext.sty
Package: amstext 2021/08/26 v2.01 AMS text
 (/usr/share/texlive/texmf-dist/tex/latex/amsmath/amsgen.sty
File: amsgen.sty 1999/11/30 v2.0 generic functions
\@emptytoks=\toks17
\ex@=\dimen139
)) (/usr/share/texlive/texmf-dist/tex/latex/amsmath/amsbsy.sty
Package: amsbsy 1999/11/29 v1.2d Bold Symbols
\pmbraise@=\dimen140
) (/usr/share/texlive/texmf-dist/tex/latex/amsmath/amsopn.sty
Package: amsopn 2021/08/26 v2.02 operator names
)
\inf@bad=\count194
LaTeX Info: Redefining \frac on input line 234.
\uproot@=\count195
\leftroot@=\count196
LaTeX Info: Redefining \overline on input line 399.
\classnum@=\count197
\DOTSCASE@=\count198
LaTeX Info: Redefining \ldots on input line 496.
LaTeX Info: Redefining \dots on input line 499.
LaTeX Info: Redefining \cdots on input line 620.
\Mathstrutbox@=\box50
\strutbox@=\box51
\big@size=\dimen141
LaTeX Font Info:    Redeclaring font encoding OML on input line 743.
LaTeX Font Info:    Redeclaring font encoding OMS on input line 744.
\macc@depth=\count199
\c@MaxMatrixCols=\count266
\dotsspace@=\muskip16
\c@parentequation=\count267
\dspbrk@lvl=\count268
\tag@help=\toks18
\row@=\count269
\column@=\count270
\maxfields@=\count271
\andhelp@=\toks19
\eqnshift@=\dimen142
\alignsep@=\dimen143
\tagshift@=\dimen144
\tagwidth@=\dimen145
\totwidth@=\dimen146
\lineht@=\dimen147
\@envbody=\toks20
\multlinegap=\skip50
\multlinetaggap=\skip51
\mathdisplay@stack=\toks21
LaTeX Info: Redefining \[ on input line 2938.
LaTeX Info: Redefining \] on input line 2939.
) (/usr/share/texlive/texmf-dist/tex/latex/amsfonts/amssymb.sty
Package: amssymb 2013/01/14 v3.01 AMS font symbols
 (/usr/share/texlive/texmf-dist/tex/latex/amsfonts/amsfonts.sty
Package: amsfonts 2013/01/14 v3.01 Basic AMSFonts support
\symAMSa=\mathgroup4
\symAMSb=\mathgroup5
LaTeX Font Info:    Redeclaring math symbol \hbar on input line 98.
LaTeX Font Info:    Overwriting math alphabet `\mathfrak' in version `bold'
(Font)                  U/euf/m/n --> U/euf/b/n on input line 106.
)) (/usr/share/texlive/texmf-dist/tex/latex/titlesec/titlesec.sty
Package: titlesec 2021/07/05 v2.14 Sectioning titles
\ttl@box=\box52
\beforetitleunit=\skip52
\aftertitleunit=\skip53
\ttl@plus=\dimen148
\ttl@minus=\dimen149
\ttl@toksa=\toks22
\titlewidth=\dimen150
\titlewidthlast=\dimen151
\titlewidthfirst=\dimen152
) (/usr/share/texlive/texmf-dist/tex/latex/base/inputenc.sty
Package: inputenc 2021/02/14 v1.3d Input encoding file
\inpenc@prehook=\toks23
\inpenc@posthook=\toks24
) (/usr/share/texlive/texmf-dist/tex/latex/enumitem/enumitem.sty
Package: enumitem 2019/06/20 v3.9 Customized lists
\labelindent=\skip54
\enit@outerparindent=\dimen153
\enit@toks=\toks25
\enit@inbox=\box53
\enit@count@id=\count272
\enitdp@description=\count273
) (/usr/share/texlive/texmf-dist/tex/latex/tocbibind/tocbibind.sty
Package: tocbibind 2010/10/13 v1.5k extra ToC listings
Package tocbibind Info: The document has section divisions on input line 50.


Package tocbibind Note: Using section or other style headings.

) (/usr/share/texlive/texmf-dist/tex/latex/base/fontenc.sty
Package: fontenc 2021/04/29 v2.0v Standard LaTeX package
) (/usr/share/texlive/texmf-dist/tex/latex/xcolor/xcolor.sty
Package: xcolor 2021/10/31 v2.13 LaTeX color extensions (UK)
 (/usr/share/texlive/texmf-dist/tex/latex/graphics-cfg/color.cfg
File: color.cfg 2016/01/02 v1.6 sample color configuration
)
Package xcolor Info: Driver file: pdftex.def on input line 227.
 (/usr/share/texlive/texmf-dist/tex/latex/graphics-def/pdftex.def
File: pdftex.def 2020/10/05 v1.2a Graphics/color driver for pdftex
) (/usr/share/texlive/texmf-dist/tex/latex/colortbl/colortbl.sty
Package: colortbl 2020/01/04 v1.0e Color table columns (DPC)
 (/usr/share/texlive/texmf-dist/tex/latex/tools/array.sty
Package: array 2021/10/04 v2.5f Tabular extension package (FMi)
\col@sep=\dimen154
\ar@mcellbox=\box54
\extrarowheight=\dimen155
\NC@list=\toks26
\extratabsurround=\skip55
\backup@length=\skip56
\ar@cellbox=\box55
)
\everycr=\toks27
\minrowclearance=\skip57
)
\rownum=\count274
Package xcolor Info: Model `cmy' substituted by `cmy0' on input line 1352.
Package xcolor Info: Model `hsb' substituted by `rgb' on input line 1356.
Package xcolor Info: Model `RGB' extended on input line 1368.
Package xcolor Info: Model `HTML' substituted by `rgb' on input line 1370.
Package xcolor Info: Model `Hsb' substituted by `hsb' on input line 1371.
Package xcolor Info: Model `tHsb' substituted by `hsb' on input line 1372.
Package xcolor Info: Model `HSB' substituted by `hsb' on input line 1373.
Package xcolor Info: Model `Gray' substituted by `gray' on input line 1374.
Package xcolor Info: Model `wave' substituted by `hsb' on input line 1375.
 (/usr/share/texlive/texmf-dist/tex/latex/graphics/dvipsnam.def
File: dvipsnam.def 2016/06/17 v3.0m Driver-dependent file (DPC,SPQR)
)) (/usr/share/texlive/texmf-dist/tex/latex/tcolorbox/tcolorbox.sty
Package: tcolorbox 2022/01/07 version 5.0.2 text color boxes
 (/usr/share/texlive/texmf-dist/tex/latex/pgf/basiclayer/pgf.sty (/usr/share/texlive/texmf-dist/tex/latex/pgf/utilities/pgfrcs.sty (/usr/share/texlive/texmf-dist/tex/generic/pgf/utilities/pgfutil-common.tex
\pgfutil@everybye=\toks28
\pgfutil@tempdima=\dimen156
\pgfutil@tempdimb=\dimen157
 (/usr/share/texlive/texmf-dist/tex/generic/pgf/utilities/pgfutil-common-lists.tex)) (/usr/share/texlive/texmf-dist/tex/generic/pgf/utilities/pgfutil-latex.def
\pgfutil@abb=\box56
) (/usr/share/texlive/texmf-dist/tex/generic/pgf/utilities/pgfrcs.code.tex (/usr/share/texlive/texmf-dist/tex/generic/pgf/pgf.revision.tex)
Package: pgfrcs 2021/05/15 v3.1.9a (3.1.9a)
))
Package: pgf 2021/05/15 v3.1.9a (3.1.9a)
 (/usr/share/texlive/texmf-dist/tex/latex/pgf/basiclayer/pgfcore.sty (/usr/share/texlive/texmf-dist/tex/latex/graphics/graphicx.sty
Package: graphicx 2021/09/16 v1.2d Enhanced LaTeX Graphics (DPC,SPQR)
 (/usr/share/texlive/texmf-dist/tex/latex/graphics/graphics.sty
Package: graphics 2021/03/04 v1.4d Standard LaTeX Graphics (DPC,SPQR)
 (/usr/share/texlive/texmf-dist/tex/latex/graphics/trig.sty
Package: trig 2021/08/11 v1.11 sin cos tan (DPC)
) (/usr/share/texlive/texmf-dist/tex/latex/graphics-cfg/graphics.cfg
File: graphics.cfg 2016/06/04 v1.11 sample graphics configuration
)
Package graphics Info: Driver file: pdftex.def on input line 107.
)
\Gin@req@height=\dimen158
\Gin@req@width=\dimen159
) (/usr/share/texlive/texmf-dist/tex/latex/pgf/systemlayer/pgfsys.sty (/usr/share/texlive/texmf-dist/tex/generic/pgf/systemlayer/pgfsys.code.tex
Package: pgfsys 2021/05/15 v3.1.9a (3.1.9a)
 (/usr/share/texlive/texmf-dist/tex/generic/pgf/utilities/pgfkeys.code.tex
\pgfkeys@pathtoks=\toks29
\pgfkeys@temptoks=\toks30
 (/usr/share/texlive/texmf-dist/tex/generic/pgf/utilities/pgfkeysfiltered.code.tex
\pgfkeys@tmptoks=\toks31
))
\pgf@x=\dimen160
\pgf@y=\dimen161
\pgf@xa=\dimen162
\pgf@ya=\dimen163
\pgf@xb=\dimen164
\pgf@yb=\dimen165
\pgf@xc=\dimen166
\pgf@yc=\dimen167
\pgf@xd=\dimen168
\pgf@yd=\dimen169
\w@pgf@writea=\write3
\r@pgf@reada=\read2
\c@pgf@counta=\count275
\c@pgf@countb=\count276
\c@pgf@countc=\count277
\c@pgf@countd=\count278
\t@pgf@toka=\toks32
\t@pgf@tokb=\toks33
\t@pgf@tokc=\toks34
\pgf@sys@id@count=\count279
 (/usr/share/texlive/texmf-dist/tex/generic/pgf/systemlayer/pgf.cfg
File: pgf.cfg 2021/05/15 v3.1.9a (3.1.9a)
)
Driver file for pgf: pgfsys-pdftex.def
 (/usr/share/texlive/texmf-dist/tex/generic/pgf/systemlayer/pgfsys-pdftex.def
File: pgfsys-pdftex.def 2021/05/15 v3.1.9a (3.1.9a)
 (/usr/share/texlive/texmf-dist/tex/generic/pgf/systemlayer/pgfsys-common-pdf.def
File: pgfsys-common-pdf.def 2021/05/15 v3.1.9a (3.1.9a)
))) (/usr/share/texlive/texmf-dist/tex/generic/pgf/systemlayer/pgfsyssoftpath.code.tex
File: pgfsyssoftpath.code.tex 2021/05/15 v3.1.9a (3.1.9a)
\pgfsyssoftpath@smallbuffer@items=\count280
\pgfsyssoftpath@bigbuffer@items=\count281
) (/usr/share/texlive/texmf-dist/tex/generic/pgf/systemlayer/pgfsysprotocol.code.tex
File: pgfsysprotocol.code.tex 2021/05/15 v3.1.9a (3.1.9a)
)) (/usr/share/texlive/texmf-dist/tex/generic/pgf/basiclayer/pgfcore.code.tex
Package: pgfcore 2021/05/15 v3.1.9a (3.1.9a)
 (/usr/share/texlive/texmf-dist/tex/generic/pgf/math/pgfmath.code.tex (/usr/share/texlive/texmf-dist/tex/generic/pgf/math/pgfmathcalc.code.tex (/usr/share/texlive/texmf-dist/tex/generic/pgf/math/pgfmathutil.code.tex) (/usr/share/texlive/texmf-dist/tex/generic/pgf/math/pgfmathparser.code.tex
\pgfmath@dimen=\dimen170
\pgfmath@count=\count282
\pgfmath@box=\box57
\pgfmath@toks=\toks35
\pgfmath@stack@operand=\toks36
\pgfmath@stack@operation=\toks37
) (/usr/share/texlive/texmf-dist/tex/generic/pgf/math/pgfmathfunctions.code.tex (/usr/share/texlive/texmf-dist/tex/generic/pgf/math/pgfmathfunctions.basic.code.tex) (/usr/share/texlive/texmf-dist/tex/generic/pgf/math/pgfmathfunctions.trigonometric.code.tex) (/usr/share/texlive/texmf-dist/tex/generic/pgf/math/pgfmathfunctions.random.code.tex) (/usr/share/texlive/texmf-dist/tex/generic/pgf/math/pgfmathfunctions.comparison.code.tex) (/usr/share/texlive/texmf-dist/tex/generic/pgf/math/pgfmathfunctions.base.code.tex) (/usr/share/texlive/texmf-dist/tex/generic/pgf/math/pgfmathfunctions.round.code.tex) (/usr/share/texlive/texmf-dist/tex/generic/pgf/math/pgfmathfunctions.misc.code.tex) (/usr/share/texlive/texmf-dist/tex/generic/pgf/math/pgfmathfunctions.integerarithmetics.code.tex))) (/usr/share/texlive/texmf-dist/tex/generic/pgf/math/pgfmathfloat.code.tex
\c@pgfmathroundto@lastzeros=\count283
)) (/usr/share/texlive/texmf-dist/tex/generic/pgf/math/pgfint.code.tex) (/usr/share/texlive/texmf-dist/tex/generic/pgf/basiclayer/pgfcorepoints.code.tex
File: pgfcorepoints.code.tex 2021/05/15 v3.1.9a (3.1.9a)
\pgf@picminx=\dimen171
\pgf@picmaxx=\dimen172
\pgf@picminy=\dimen173
\pgf@picmaxy=\dimen174
\pgf@pathminx=\dimen175
\pgf@pathmaxx=\dimen176
\pgf@pathminy=\dimen177
\pgf@pathmaxy=\dimen178
\pgf@xx=\dimen179
\pgf@xy=\dimen180
\pgf@yx=\dimen181
\pgf@yy=\dimen182
\pgf@zx=\dimen183
\pgf@zy=\dimen184
) (/usr/share/texlive/texmf-dist/tex/generic/pgf/basiclayer/pgfcorepathconstruct.code.tex
File: pgfcorepathconstruct.code.tex 2021/05/15 v3.1.9a (3.1.9a)
\pgf@path@lastx=\dimen185
\pgf@path@lasty=\dimen186
) (/usr/share/texlive/texmf-dist/tex/generic/pgf/basiclayer/pgfcorepathusage.code.tex
File: pgfcorepathusage.code.tex 2021/05/15 v3.1.9a (3.1.9a)
\pgf@shorten@end@additional=\dimen187
\pgf@shorten@start@additional=\dimen188
) (/usr/share/texlive/texmf-dist/tex/generic/pgf/basiclayer/pgfcorescopes.code.tex
File: pgfcorescopes.code.tex 2021/05/15 v3.1.9a (3.1.9a)
\pgfpic=\box58
\pgf@hbox=\box59
\pgf@layerbox@main=\box60
\pgf@picture@serial@count=\count284
) (/usr/share/texlive/texmf-dist/tex/generic/pgf/basiclayer/pgfcoregraphicstate.code.tex
File: pgfcoregraphicstate.code.tex 2021/05/15 v3.1.9a (3.1.9a)
\pgflinewidth=\dimen189
) (/usr/share/texlive/texmf-dist/tex/generic/pgf/basiclayer/pgfcoretransformations.code.tex
File: pgfcoretransformations.code.tex 2021/05/15 v3.1.9a (3.1.9a)
\pgf@pt@x=\dimen190
\pgf@pt@y=\dimen191
\pgf@pt@temp=\dimen192
) (/usr/share/texlive/texmf-dist/tex/generic/pgf/basiclayer/pgfcorequick.code.tex
File: pgfcorequick.code.tex 2021/05/15 v3.1.9a (3.1.9a)
) (/usr/share/texlive/texmf-dist/tex/generic/pgf/basiclayer/pgfcoreobjects.code.tex
File: pgfcoreobjects.code.tex 2021/05/15 v3.1.9a (3.1.9a)
) (/usr/share/texlive/texmf-dist/tex/generic/pgf/basiclayer/pgfcorepathprocessing.code.tex
File: pgfcorepathprocessing.code.tex 2021/05/15 v3.1.9a (3.1.9a)
) (/usr/share/texlive/texmf-dist/tex/generic/pgf/basiclayer/pgfcorearrows.code.tex
File: pgfcorearrows.code.tex 2021/05/15 v3.1.9a (3.1.9a)
\pgfarrowsep=\dimen193
) (/usr/share/texlive/texmf-dist/tex/generic/pgf/basiclayer/pgfcoreshade.code.tex
File: pgfcoreshade.code.tex 2021/05/15 v3.1.9a (3.1.9a)
\pgf@max=\dimen194
\pgf@sys@shading@range@num=\count285
\pgf@shadingcount=\count286
) (/usr/share/texlive/texmf-dist/tex/generic/pgf/basiclayer/pgfcoreimage.code.tex
File: pgfcoreimage.code.tex 2021/05/15 v3.1.9a (3.1.9a)
 (/usr/share/texlive/texmf-dist/tex/generic/pgf/basiclayer/pgfcoreexternal.code.tex
File: pgfcoreexternal.code.tex 2021/05/15 v3.1.9a (3.1.9a)
\pgfexternal@startupbox=\box61
)) (/usr/share/texlive/texmf-dist/tex/generic/pgf/basiclayer/pgfcorelayers.code.tex
File: pgfcorelayers.code.tex 2021/05/15 v3.1.9a (3.1.9a)
) (/usr/share/texlive/texmf-dist/tex/generic/pgf/basiclayer/pgfcoretransparency.code.tex
File: pgfcoretransparency.code.tex 2021/05/15 v3.1.9a (3.1.9a)
) (/usr/share/texlive/texmf-dist/tex/generic/pgf/basiclayer/pgfcorepatterns.code.tex
File: pgfcorepatterns.code.tex 2021/05/15 v3.1.9a (3.1.9a)
) (/usr/share/texlive/texmf-dist/tex/generic/pgf/basiclayer/pgfcorerdf.code.tex
File: pgfcorerdf.code.tex 2021/05/15 v3.1.9a (3.1.9a)
))) (/usr/share/texlive/texmf-dist/tex/generic/pgf/modules/pgfmoduleshapes.code.tex
File: pgfmoduleshapes.code.tex 2021/05/15 v3.1.9a (3.1.9a)
\pgfnodeparttextbox=\box62
) (/usr/share/texlive/texmf-dist/tex/generic/pgf/modules/pgfmoduleplot.code.tex
File: pgfmoduleplot.code.tex 2021/05/15 v3.1.9a (3.1.9a)
) (/usr/share/texlive/texmf-dist/tex/latex/pgf/compatibility/pgfcomp-version-0-65.sty
Package: pgfcomp-version-0-65 2021/05/15 v3.1.9a (3.1.9a)
\pgf@nodesepstart=\dimen195
\pgf@nodesepend=\dimen196
) (/usr/share/texlive/texmf-dist/tex/latex/pgf/compatibility/pgfcomp-version-1-18.sty
Package: pgfcomp-version-1-18 2021/05/15 v3.1.9a (3.1.9a)
)) (/usr/share/texlive/texmf-dist/tex/latex/tools/verbatim.sty
Package: verbatim 2020-07-07 v1.5u LaTeX2e package for verbatim enhancements
\every@verbatim=\toks38
\verbatim@line=\toks39
\verbatim@in@stream=\read3
) (/usr/share/texlive/texmf-dist/tex/latex/environ/environ.sty
Package: environ 2014/05/04 v0.3 A new way to define environments
 (/usr/share/texlive/texmf-dist/tex/latex/trimspaces/trimspaces.sty
Package: trimspaces 2009/09/17 v1.1 Trim spaces around a token list
))
\tcb@titlebox=\box63
\tcb@upperbox=\box64
\tcb@lowerbox=\box65
\tcb@phantombox=\box66
\c@tcbbreakpart=\count287
\c@tcblayer=\count288
\c@tcolorbox@number=\count289
\tcb@temp=\box67
\tcb@temp=\box68
\tcb@temp=\box69
\tcb@temp=\box70
) (/usr/share/texlive/texmf-dist/tex/latex/algorithms/algorithm.sty
Package: algorithm 2009/08/24 v0.1 Document Style `algorithm' - floating environment
 (/usr/share/texlive/texmf-dist/tex/latex/float/float.sty
Package: float 2001/11/08 v1.3d Float enhancements (AL)
\c@float@type=\count290
\float@exts=\toks40
\float@box=\box71
\@float@everytoks=\toks41
\@floatcapt=\box72
) (/usr/share/texlive/texmf-dist/tex/latex/base/ifthen.sty
Package: ifthen 2020/11/24 v1.1c Standard LaTeX ifthen package (DPC)
)
\@float@every@algorithm=\toks42
\c@algorithm=\count291
) (/usr/share/texlive/texmf-dist/tex/latex/algorithmicx/algpseudocode.sty
Package: algpseudocode 
 (/usr/share/texlive/texmf-dist/tex/latex/algorithmicx/algorithmicx.sty
Package: algorithmicx 2005/04/27 v1.2 Algorithmicx

Document Style algorithmicx 1.2 - a greatly improved `algorithmic' style
\c@ALG@line=\count292
\c@ALG@rem=\count293
\c@ALG@nested=\count294
\ALG@tlm=\skip58
\ALG@thistlm=\skip59
\c@ALG@Lnr=\count295
\c@ALG@blocknr=\count296
\c@ALG@storecount=\count297
\c@ALG@tmpcounter=\count298
\ALG@tmplength=\skip60
)
Document Style - pseudocode environments for use with the `algorithmicx' style
) (/usr/share/texlive/texmf-dist/tex/latex/fancybox/fancybox.sty
Package: fancybox 2010/05/15 1.4

Style option: `fancybox' v1.4 <2010/05/15> (tvz)
\@fancybox=\box73
\shadowsize=\dimen197
\@Sbox=\box74
\do@VerbBox=\toks43
\the@fancyput=\toks44
\this@fancyput=\toks45
\EndVerbatimTokens=\toks46
\Verbatim@Outfile=\write4
\Verbatim@Infile=\read4
) (/usr/share/texlive/texmf-dist/tex/latex/framed/framed.sty
Package: framed 2011/10/22 v 0.96: framed or shaded text with page breaks
\OuterFrameSep=\skip61
\fb@frw=\dimen198
\fb@frh=\dimen199
\FrameRule=\dimen256
\FrameSep=\dimen257
) (/usr/share/texlive/texmf-dist/tex/latex/ragged2e/ragged2e.sty
Package: ragged2e 2021/12/15 v3.1 ragged2e Package
\CenteringLeftskip=\skip62
\RaggedLeftLeftskip=\skip63
\RaggedRightLeftskip=\skip64
\CenteringRightskip=\skip65
\RaggedLeftRightskip=\skip66
\RaggedRightRightskip=\skip67
\CenteringParfillskip=\skip68
\RaggedLeftParfillskip=\skip69
\RaggedRightParfillskip=\skip70
\JustifyingParfillskip=\skip71
\CenteringParindent=\skip72
\RaggedLeftParindent=\skip73
\RaggedRightParindent=\skip74
\JustifyingParindent=\skip75
) (/usr/share/texlive/texmf-dist/tex/latex/fancyhdr/fancyhdr.sty
Package: fancyhdr 2021/01/28 v4.0.1 Extensive control of page headers and footers
\f@nch@headwidth=\skip76
\f@nch@O@elh=\skip77
\f@nch@O@erh=\skip78
\f@nch@O@olh=\skip79
\f@nch@O@orh=\skip80
\f@nch@O@elf=\skip81
\f@nch@O@erf=\skip82
\f@nch@O@olf=\skip83
\f@nch@O@orf=\skip84
) (/usr/share/texlive/texmf-dist/tex/latex/caption/caption.sty
Package: caption 2020/10/26 v3.5g Customizing captions (AR)
 (/usr/share/texlive/texmf-dist/tex/latex/caption/caption3.sty
Package: caption3 2020/10/21 v2.2e caption3 kernel (AR)
\captionmargin=\dimen258
\captionmargin@=\dimen259
\captionwidth=\dimen260
\caption@tempdima=\dimen261
\caption@indent=\dimen262
\caption@parindent=\dimen263
\caption@hangindent=\dimen264
Package caption Info: Standard document class detected.
)
\c@caption@flags=\count299
\c@continuedfloat=\count300
Package caption Info: float package is loaded.
) (/usr/share/texlive/texmf-dist/tex/latex/tools/tabularx.sty
Package: tabularx 2020/01/15 v2.11c `tabularx' package (DPC)
\TX@col@width=\dimen265
\TX@old@table=\dimen266
\TX@old@col=\dimen267
\TX@target=\dimen268
\TX@delta=\dimen269
\TX@cols=\count301
\TX@ftn=\toks47
) (/usr/share/texlive/texmf-dist/tex/latex/hyperref/hyperref.sty
Package: hyperref 2021-06-07 v7.00m Hypertext links for LaTeX
 (/usr/share/texlive/texmf-dist/tex/generic/iftex/iftex.sty
Package: iftex 2020/03/06 v1.0d TeX engine tests
) (/usr/share/texlive/texmf-dist/tex/generic/pdftexcmds/pdftexcmds.sty
Package: pdftexcmds 2020-06-27 v0.33 Utility functions of pdfTeX for LuaTeX (HO)
 (/usr/share/texlive/texmf-dist/tex/generic/infwarerr/infwarerr.sty
Package: infwarerr 2019/12/03 v1.5 Providing info/warning/error messages (HO)
)
Package pdftexcmds Info: \pdf@primitive is available.
Package pdftexcmds Info: \pdf@ifprimitive is available.
Package pdftexcmds Info: \pdfdraftmode found.
) (/usr/share/texlive/texmf-dist/tex/generic/kvdefinekeys/kvdefinekeys.sty
Package: kvdefinekeys 2019-12-19 v1.6 Define keys (HO)
) (/usr/share/texlive/texmf-dist/tex/generic/pdfescape/pdfescape.sty
Package: pdfescape 2019/12/09 v1.15 Implements pdfTeX's escape features (HO)
) (/usr/share/texlive/texmf-dist/tex/latex/hycolor/hycolor.sty
Package: hycolor 2020-01-27 v1.10 Color options for hyperref/bookmark (HO)
) (/usr/share/texlive/texmf-dist/tex/latex/letltxmacro/letltxmacro.sty
Package: letltxmacro 2019/12/03 v1.6 Let assignment for LaTeX macros (HO)
) (/usr/share/texlive/texmf-dist/tex/latex/auxhook/auxhook.sty
Package: auxhook 2019-12-17 v1.6 Hooks for auxiliary files (HO)
)
\@linkdim=\dimen270
\Hy@linkcounter=\count302
\Hy@pagecounter=\count303
 (/usr/share/texlive/texmf-dist/tex/latex/hyperref/pd1enc.def
File: pd1enc.def 2021-06-07 v7.00m Hyperref: PDFDocEncoding definition (HO)
Now handling font encoding PD1 ...
... no UTF-8 mapping file for font encoding PD1
) (/usr/share/texlive/texmf-dist/tex/latex/hyperref/hyperref-langpatches.def
File: hyperref-langpatches.def 2021-06-07 v7.00m Hyperref: patches for babel languages
) (/usr/share/texlive/texmf-dist/tex/generic/intcalc/intcalc.sty
Package: intcalc 2019/12/15 v1.3 Expandable calculations with integers (HO)
) (/usr/share/texlive/texmf-dist/tex/generic/etexcmds/etexcmds.sty
Package: etexcmds 2019/12/15 v1.7 Avoid name clashes with e-TeX commands (HO)
)
\Hy@SavedSpaceFactor=\count304
 (/usr/share/texlive/texmf-dist/tex/latex/hyperref/puenc.def
File: puenc.def 2021-06-07 v7.00m Hyperref: PDF Unicode definition (HO)
Now handling font encoding PU ...
... no UTF-8 mapping file for font encoding PU
)
Package hyperref Info: Hyper figures OFF on input line 4192.
Package hyperref Info: Link nesting OFF on input line 4197.
Package hyperref Info: Hyper index ON on input line 4200.
Package hyperref Info: Plain pages OFF on input line 4207.
Package hyperref Info: Backreferencing OFF on input line 4212.
Package hyperref Info: Implicit mode ON; LaTeX internals redefined.
Package hyperref Info: Bookmarks ON on input line 4445.
\c@Hy@tempcnt=\count305
 (/usr/share/texlive/texmf-dist/tex/latex/url/url.sty
\Urlmuskip=\muskip17
Package: url 2013/09/16  ver 3.4  Verb mode for urls, etc.
)
LaTeX Info: Redefining \url on input line 4804.
\XeTeXLinkMargin=\dimen271
 (/usr/share/texlive/texmf-dist/tex/generic/bitset/bitset.sty
Package: bitset 2019/12/09 v1.3 Handle bit-vector datatype (HO)
 (/usr/share/texlive/texmf-dist/tex/generic/bigintcalc/bigintcalc.sty
Package: bigintcalc 2019/12/15 v1.5 Expandable calculations on big integers (HO)
))
\Fld@menulength=\count306
\Field@Width=\dimen272
\Fld@charsize=\dimen273
Package hyperref Info: Hyper figures OFF on input line 6076.
Package hyperref Info: Link nesting OFF on input line 6081.
Package hyperref Info: Hyper index ON on input line 6084.
Package hyperref Info: backreferencing OFF on input line 6091.
Package hyperref Info: Link coloring OFF on input line 6096.
Package hyperref Info: Link coloring with OCG OFF on input line 6101.
Package hyperref Info: PDF/A mode OFF on input line 6106.
LaTeX Info: Redefining \ref on input line 6146.
LaTeX Info: Redefining \pageref on input line 6150.
 (/usr/share/texlive/texmf-dist/tex/latex/base/atbegshi-ltx.sty
Package: atbegshi-ltx 2021/01/10 v1.0c Emulation of the original atbegshi
package with kernel methods
)
\Hy@abspage=\count307
\c@Item=\count308
\c@Hfootnote=\count309
)
Package hyperref Info: Driver (autodetected): hpdftex.
 (/usr/share/texlive/texmf-dist/tex/latex/hyperref/hpdftex.def
File: hpdftex.def 2021-06-07 v7.00m Hyperref driver for pdfTeX
 (/usr/share/texlive/texmf-dist/tex/latex/base/atveryend-ltx.sty
Package: atveryend-ltx 2020/08/19 v1.0a Emulation of the original atveryend package
with kernel methods
)
\Fld@listcount=\count310
\c@bookmark@seq@number=\count311
 (/usr/share/texlive/texmf-dist/tex/latex/rerunfilecheck/rerunfilecheck.sty
Package: rerunfilecheck 2019/12/05 v1.9 Rerun checks for auxiliary files (HO)
 (/usr/share/texlive/texmf-dist/tex/generic/uniquecounter/uniquecounter.sty
Package: uniquecounter 2019/12/15 v1.4 Provide unlimited unique counter (HO)
)
Package uniquecounter Info: New unique counter `rerunfilecheck' on input line 286.
)
\Hy@SectionHShift=\skip85
) (/usr/share/texlive/texmf-dist/tex/latex/siunitx/siunitx.sty
Package: siunitx 2022-02-02 v3.0.46 A comprehensive (SI) units package
\l__siunitx_angle_tmp_dim=\dimen274
\l__siunitx_angle_marker_box=\box75
\l__siunitx_angle_unit_box=\box76
\l__siunitx_compound_count_int=\count312
 (/usr/share/texlive/texmf-dist/tex/latex/translations/translations.sty
Package: translations 2022/01/04 v1.11 internationalization of LaTeX2e packages (CN)
)
\l__siunitx_number_exponent_fixed_int=\count313
\l__siunitx_number_min_decimal_int=\count314
\l__siunitx_number_min_integer_int=\count315
\l__siunitx_number_round_precision_int=\count316
\l__siunitx_number_group_minimum_int=\count317
\l__siunitx_table_tmp_box=\box77
\l__siunitx_table_tmp_dim=\dimen275
\l__siunitx_table_column_width_dim=\dimen276
\l__siunitx_table_integer_box=\box78
\l__siunitx_table_decimal_box=\box79
\l__siunitx_table_before_box=\box80
\l__siunitx_table_after_box=\box81
\l__siunitx_table_before_dim=\dimen277
\l__siunitx_table_carry_dim=\dimen278
\l__siunitx_unit_tmp_int=\count318
\l__siunitx_unit_position_int=\count319
\l__siunitx_unit_total_int=\count320
 (/usr/share/texlive/texmf-dist/tex/latex/l3packages/l3keys2e/l3keys2e.sty (/usr/share/texlive/texmf-dist/tex/latex/l3kernel/expl3.sty
Package: expl3 2022-01-21 L3 programming layer (loader) 
 (/usr/share/texlive/texmf-dist/tex/latex/l3backend/l3backend-pdftex.def
File: l3backend-pdftex.def 2022-01-12 L3 backend support: PDF output (pdfTeX)
\l__color_backend_stack_int=\count321
\l__pdf_internal_box=\box82
))
Package: l3keys2e 2022-01-12 LaTeX2e option processing using LaTeX3 keys
)) (/usr/share/texlive/texmf-dist/tex/latex/lipsum/lipsum.sty
Package: lipsum 2021-09-20 v2.7 150 paragraphs of Lorem Ipsum dummy text
\g__lipsum_par_int=\count322
\l__lipsum_a_int=\count323
\l__lipsum_b_int=\count324
 (/usr/share/texlive/texmf-dist/tex/latex/lipsum/lipsum.ltd.tex)) (/usr/share/texlive/texmf-dist/tex/latex/booktabs/booktabs.sty
Package: booktabs 2020/01/12 v1.61803398 Publication quality tables
\heavyrulewidth=\dimen279
\lightrulewidth=\dimen280
\cmidrulewidth=\dimen281
\belowrulesep=\dimen282
\belowbottomsep=\dimen283
\aboverulesep=\dimen284
\abovetopsep=\dimen285
\cmidrulesep=\dimen286
\cmidrulekern=\dimen287
\defaultaddspace=\dimen288
\@cmidla=\count325
\@cmidlb=\count326
\@aboverulesep=\dimen289
\@belowrulesep=\dimen290
\@thisruleclass=\count327
\@lastruleclass=\count328
\@thisrulewidth=\dimen291
) (/usr/share/texlive/texmf-dist/tex/latex/cite/cite.sty
LaTeX Info: Redefining \cite on input line 302.
LaTeX Info: Redefining \nocite on input line 332.
Package: cite 2015/02/27  v 5.5
) (/usr/share/texlive/texmf-dist/tex/latex/caption/subcaption.sty
Package: subcaption 2020/10/07 v1.3j Sub-captions (AR)
\c@subfigure=\count329
\c@subtable=\count330
) (/usr/share/texlive/texmf-dist/tex/latex/pdfpages/pdfpages.sty
Package: pdfpages 2022/01/29 v0.5u Insert pages of external PDF documents (AM)
 (/usr/share/texlive/texmf-dist/tex/latex/tools/calc.sty
Package: calc 2017/05/25 v4.3 Infix arithmetic (KKT,FJ)
\calc@Acount=\count331
\calc@Bcount=\count332
\calc@Adimen=\dimen292
\calc@Bdimen=\dimen293
\calc@Askip=\skip86
\calc@Bskip=\skip87
LaTeX Info: Redefining \setlength on input line 80.
LaTeX Info: Redefining \addtolength on input line 81.
\calc@Ccount=\count333
\calc@Cskip=\skip88
) (/usr/share/texlive/texmf-dist/tex/latex/eso-pic/eso-pic.sty
Package: eso-pic 2020/10/14 v3.0a eso-pic (RN)
\ESO@tempdima=\dimen294
\ESO@tempdimb=\dimen295
)
\AM@pagewidth=\dimen296
\AM@pageheight=\dimen297
\AM@fboxrule=\dimen298
 (/usr/share/texlive/texmf-dist/tex/latex/pdfpages/pppdftex.def
File: pppdftex.def 2022/01/29 v0.5u Pdfpages driver for pdfTeX (AM)
)
\pdfpages@includegraphics@status=\count334
\AM@pagebox=\box83
\AM@global@opts=\toks48
\AM@pagecnt=\count335
\AM@toc@title=\toks49
\c@AM@survey=\count336
\AM@templatesizebox=\box84
) (/usr/share/texlive/texmf-dist/tex/latex/microtype/microtype.sty
Package: microtype 2021/12/10 v3.0b Micro-typographical refinements (RS)
\MT@toks=\toks50
\MT@count=\count337
\MT@tempbox=\box85
LaTeX Info: Redefining \leftprotrusion on input line 1010.
LaTeX Info: Redefining \rightprotrusion on input line 1018.
LaTeX Info: Redefining \textls on input line 1173.
\MT@outer@kern=\dimen299
LaTeX Info: Redefining \textmicrotypecontext on input line 1759.
\MT@listname@count=\count338
 (/usr/share/texlive/texmf-dist/tex/latex/microtype/microtype-pdftex.def
File: microtype-pdftex.def 2021/12/10 v3.0b Definitions specific to pdftex (RS)
LaTeX Info: Redefining \lsstyle on input line 897.
LaTeX Info: Redefining \lslig on input line 897.
\MT@outer@space=\skip89
)
Package microtype Info: Loading configuration file microtype.cfg.
 (/usr/share/texlive/texmf-dist/tex/latex/microtype/microtype.cfg
File: microtype.cfg 2021/12/10 v3.0b microtype main configuration file (RS)
)) (/usr/share/texlive/texmf-dist/tex/latex/geometry/geometry.sty
Package: geometry 2020/01/02 v5.9 Page Geometry
 (/usr/share/texlive/texmf-dist/tex/generic/iftex/ifvtex.sty
Package: ifvtex 2019/10/25 v1.7 ifvtex legacy package. Use iftex instead.
)
\Gm@cnth=\count339
\Gm@cntv=\count340
\c@Gm@tempcnt=\count341
\Gm@bindingoffset=\dimen300
\Gm@wd@mp=\dimen301
\Gm@odd@mp=\dimen302
\Gm@even@mp=\dimen303
\Gm@layoutwidth=\dimen304
\Gm@layoutheight=\dimen305
\Gm@layouthoffset=\dimen306
\Gm@layoutvoffset=\dimen307
\Gm@dimlist=\toks51
) (/usr/share/texlive/texmf-dist/tex/latex/changepage/changepage.sty
Package: changepage 2009/10/20 v1.0c check page and change page layout
\c@cp@cntr=\count342
\cp@tempcnt=\count343
)
Package translations Info: No language package found. I am going to use `english' as default language. on input line 83.
 (./main.aux)
\openout1 = `main.aux'.

LaTeX Font Info:    Checking defaults for OML/cmm/m/it on input line 83.
LaTeX Font Info:    ... okay on input line 83.
LaTeX Font Info:    Checking defaults for OMS/cmsy/m/n on input line 83.
LaTeX Font Info:    ... okay on input line 83.
LaTeX Font Info:    Checking defaults for OT1/cmr/m/n on input line 83.
LaTeX Font Info:    ... okay on input line 83.
LaTeX Font Info:    Checking defaults for T1/cmr/m/n on input line 83.
LaTeX Font Info:    ... okay on input line 83.
LaTeX Font Info:    Checking defaults for TS1/cmr/m/n on input line 83.
LaTeX Font Info:    ... okay on input line 83.
LaTeX Font Info:    Checking defaults for OMX/cmex/m/n on input line 83.
LaTeX Font Info:    ... okay on input line 83.
LaTeX Font Info:    Checking defaults for U/cmr/m/n on input line 83.
LaTeX Font Info:    ... okay on input line 83.
LaTeX Font Info:    Checking defaults for PD1/pdf/m/n on input line 83.
LaTeX Font Info:    ... okay on input line 83.
LaTeX Font Info:    Checking defaults for PU/pdf/m/n on input line 83.
LaTeX Font Info:    ... okay on input line 83.
 (/usr/share/texlive/texmf-dist/tex/context/base/mkii/supp-pdf.mkii
[Loading MPS to PDF converter (version 2006.09.02).]
\scratchcounter=\count344
\scratchdimen=\dimen308
\scratchbox=\box86
\nofMPsegments=\count345
\nofMParguments=\count346
\everyMPshowfont=\toks52
\MPscratchCnt=\count347
\MPscratchDim=\dimen309
\MPnumerator=\count348
\makeMPintoPDFobject=\count349
\everyMPtoPDFconversion=\toks53
) (/usr/share/texlive/texmf-dist/tex/latex/epstopdf-pkg/epstopdf-base.sty
Package: epstopdf-base 2020-01-24 v2.11 Base part for package epstopdf
Package epstopdf-base Info: Redefining graphics rule for `.eps' on input line 485.
 (/usr/share/texlive/texmf-dist/tex/latex/latexconfig/epstopdf-sys.cfg
File: epstopdf-sys.cfg 2010/07/13 v1.3 Configuration of (r)epstopdf for TeX Live
))
Package caption Info: Begin \AtBeginDocument code.
Package caption Info: changepage package is loaded.
\caption@adjustwidth@hsize=\dimen310
\caption@adjustwidth@linewidth=\dimen311
Package caption Info: hyperref package is loaded.
Package caption Info: End \AtBeginDocument code.
Package hyperref Info: Link coloring OFF on input line 83.
 (/usr/share/texlive/texmf-dist/tex/latex/hyperref/nameref.sty
Package: nameref 2021-04-02 v2.47 Cross-referencing by name of section
 (/usr/share/texlive/texmf-dist/tex/latex/refcount/refcount.sty
Package: refcount 2019/12/15 v3.6 Data extraction from label references (HO)
) (/usr/share/texlive/texmf-dist/tex/generic/gettitlestring/gettitlestring.sty
Package: gettitlestring 2019/12/15 v1.6 Cleanup title references (HO)
)
\c@section@level=\count350
)
LaTeX Info: Redefining \ref on input line 83.
LaTeX Info: Redefining \pageref on input line 83.
LaTeX Info: Redefining \nameref on input line 83.
 (./main.out) (./main.out)
\@outlinefile=\write5
\openout5 = `main.out'.

 (/usr/share/texlive/texmf-dist/tex/latex/translations/translations-basic-dictionary-english.trsl
File: translations-basic-dictionary-english.trsl (english translation file `translations-basic-dictionary')
)
Package translations Info: loading dictionary `translations-basic-dictionary' for `english'. on input line 83.
 (/usr/share/texlive/texmf-dist/tex/latex/pdflscape/pdflscape.sty
Package: pdflscape 2019/12/05 v0.12 Display of landscape pages in PDF (HO)
 (/usr/share/texlive/texmf-dist/tex/latex/graphics/lscape.sty
Package: lscape 2020/05/28 v3.02 Landscape Pages (DPC)
)
Package pdflscape Info: Auto-detected driver: pdftex on input line 81.
)
LaTeX Info: Redefining \microtypecontext on input line 83.
Package microtype Info: Applying patch `item' on input line 83.
Package microtype Info: Applying patch `toc' on input line 83.
Package microtype Info: Applying patch `eqnum' on input line 83.
Package microtype Info: Applying patch `footnote' on input line 83.
Package microtype Info: Generating PDF output.
Package microtype Info: Character protrusion enabled (level 2).
Package microtype Info: Using default protrusion set `alltext'.
Package microtype Info: Automatic font expansion enabled (level 2),
(microtype)             stretch: 20, shrink: 20, step: 1, non-selected.
Package microtype Info: Using default expansion set `alltext-nott'.
LaTeX Info: Redefining \showhyphens on input line 83.
Package microtype Info: No adjustment of tracking.
Package microtype Info: No adjustment of interword spacing.
Package microtype Info: No adjustment of character kerning.
 (/usr/share/texlive/texmf-dist/tex/latex/microtype/mt-cmr.cfg
File: mt-cmr.cfg 2013/05/19 v2.2 microtype config. file: Computer Modern Roman (RS)
)
*geometry* driver: auto-detecting
*geometry* detected driver: pdftex
*geometry* verbose mode - [ preamble ] result:
* driver: pdftex
* paper: a4paper
* layout: <same size as paper>
* layoutoffset:(h,v)=(0.0pt,0.0pt)
* modes: 
* h-part:(L,W,R)=(85.35826pt, 426.79135pt, 85.35826pt)
* v-part:(T,H,B)=(56.9055pt, 731.23584pt, 56.9055pt)
* \paperwidth=597.50787pt
* \paperheight=845.04684pt
* \textwidth=426.79135pt
* \textheight=731.23584pt
* \oddsidemargin=13.08827pt
* \evensidemargin=13.08827pt
* \topmargin=-52.36449pt
* \headheight=12.0pt
* \headsep=25.0pt
* \topskip=10.0pt
* \footskip=30.0pt
* \marginparwidth=57.0pt
* \marginparsep=11.0pt
* \columnsep=10.0pt
* \skip\footins=9.0pt plus 4.0pt minus 2.0pt
* \hoffset=0.0pt
* \voffset=0.0pt
* \mag=1000
* \@twocolumnfalse
* \@twosidefalse
* \@mparswitchfalse
* \@reversemarginfalse
* (1in=72.27pt=25.4mm, 1cm=28.453pt)

[1

{/var/lib/texmf/fonts/map/pdftex/updmap/pdftex.map}]pdfTeX warning (ext4): destination with the same identifier (name{page.1}) has been already used, duplicate ignored
<to be read again> 
                   \relax 
l.130 \newpage
               [1] [2] [3]
LaTeX Font Info:    Trying to load font information for U+msa on input line 196.
 (/usr/share/texlive/texmf-dist/tex/latex/amsfonts/umsa.fd
File: umsa.fd 2013/01/14 v3.01 AMS symbols A
) (/usr/share/texlive/texmf-dist/tex/latex/microtype/mt-msa.cfg
File: mt-msa.cfg 2006/02/04 v1.1 microtype config. file: AMS symbols (a) (RS)
)
LaTeX Font Info:    Trying to load font information for U+msb on input line 196.
 (/usr/share/texlive/texmf-dist/tex/latex/amsfonts/umsb.fd
File: umsb.fd 2013/01/14 v3.01 AMS symbols B
) (/usr/share/texlive/texmf-dist/tex/latex/microtype/mt-msb.cfg
File: mt-msb.cfg 2005/06/01 v1.0 microtype config. file: AMS symbols (b) (RS)
) [4] [5] [6]
<LSTM-chain.png, id=253, 806.89455pt x 303.17265pt>
File: LSTM-chain.png Graphic file (type png)
<use LSTM-chain.png>
Package pdftex.def Info: LSTM-chain.png  used on input line 304.
(pdftex.def)             Requested size: 341.43437pt x 128.2846pt.
 [7 <./LSTM-chain.png>] [8] [9]
<scaler_comparison.png, id=281, 714.7503pt x 426.393pt>
File: scaler_comparison.png Graphic file (type png)
<use scaler_comparison.png>
Package pdftex.def Info: scaler_comparison.png  used on input line 475.
(pdftex.def)             Requested size: 405.45047pt x 241.88191pt.
<accuracy_improvement.png, id=282, 859.2903pt x 426.393pt>
File: accuracy_improvement.png Graphic file (type png)
<use accuracy_improvement.png>
Package pdftex.def Info: accuracy_improvement.png  used on input line 482.
(pdftex.def)             Requested size: 426.79135pt x 211.77762pt.
 [10 <./scaler_comparison.png>] [11 <./accuracy_improvement.png>]
<volatility_accuracy.png, id=296, 712.5822pt x 426.393pt>
File: volatility_accuracy.png Graphic file (type png)
<use volatility_accuracy.png>
Package pdftex.def Info: volatility_accuracy.png  used on input line 560.
(pdftex.def)             Requested size: 426.79135pt x 255.38232pt.
 [12] [13 <./volatility_accuracy.png>] [14] [15]
LaTeX Font Info:    Trying to load font information for T1+cmtt on input line 613.
 (/usr/share/texlive/texmf-dist/tex/latex/base/t1cmtt.fd
File: t1cmtt.fd 2019/12/16 v2.5j Standard LaTeX font definitions
)
Package microtype Info: Loading generic protrusion settings for font family
(microtype)             `cmtt' (encoding: T1).
(microtype)             For optimal results, create family-specific settings.
(microtype)             See the microtype manual for details.
Package hyperref Info: bookmark level for unknown algorithm defaults to 0 on input line 642.
 [16]
<IEX/Robust/AAPL/aapl_iex_robust_accuracy.png, id=330, 416.2752pt x 327.8649pt>
File: IEX/Robust/AAPL/aapl_iex_robust_accuracy.png Graphic file (type png)
<use IEX/Robust/AAPL/aapl_iex_robust_accuracy.png>
Package pdftex.def Info: IEX/Robust/AAPL/aapl_iex_robust_accuracy.png  used on input line 698.
(pdftex.def)             Requested size: 136.57635pt x 107.57039pt.
<IEX/Robust/AAPL/aapl_iex_robust_loss.png, id=331, 416.2752pt x 327.8649pt>
File: IEX/Robust/AAPL/aapl_iex_robust_loss.png Graphic file (type png)
<use IEX/Robust/AAPL/aapl_iex_robust_loss.png>
Package pdftex.def Info: IEX/Robust/AAPL/aapl_iex_robust_loss.png  used on input line 699.
(pdftex.def)             Requested size: 136.57635pt x 107.57039pt.
<IEX/Robust/AAPL/aapl_iex_robust_cm.png, id=332, 360.1455pt x 327.8649pt>
File: IEX/Robust/AAPL/aapl_iex_robust_cm.png Graphic file (type png)
<use IEX/Robust/AAPL/aapl_iex_robust_cm.png>
Package pdftex.def Info: IEX/Robust/AAPL/aapl_iex_robust_cm.png  used on input line 700.
(pdftex.def)             Requested size: 136.57635pt x 124.33481pt.
<IEX/NoScaler/AAPL/aapl_iex_noscaler_accuracy.png, id=333, 416.2752pt x 327.8649pt>
File: IEX/NoScaler/AAPL/aapl_iex_noscaler_accuracy.png Graphic file (type png)
<use IEX/NoScaler/AAPL/aapl_iex_noscaler_accuracy.png>
Package pdftex.def Info: IEX/NoScaler/AAPL/aapl_iex_noscaler_accuracy.png  used on input line 705.
(pdftex.def)             Requested size: 136.57635pt x 107.57039pt.
<IEX/NoScaler/AAPL/aapl_iex_noscaler_loss.png, id=334, 410.0118pt x 327.8649pt>
File: IEX/NoScaler/AAPL/aapl_iex_noscaler_loss.png Graphic file (type png)
<use IEX/NoScaler/AAPL/aapl_iex_noscaler_loss.png>
Package pdftex.def Info: IEX/NoScaler/AAPL/aapl_iex_noscaler_loss.png  used on input line 706.
(pdftex.def)             Requested size: 136.57635pt x 109.21132pt.
<IEX/NoScaler/AAPL/aapl_iex_noscaler_cm.png, id=335, 360.1455pt x 327.8649pt>
File: IEX/NoScaler/AAPL/aapl_iex_noscaler_cm.png Graphic file (type png)
<use IEX/NoScaler/AAPL/aapl_iex_noscaler_cm.png>
Package pdftex.def Info: IEX/NoScaler/AAPL/aapl_iex_noscaler_cm.png  used on input line 707.
(pdftex.def)             Requested size: 136.57635pt x 124.33481pt.
<IEX/MinMax/AAPL/aapl_iex_minmax_accuracy.png, id=336, 416.2752pt x 327.8649pt>
File: IEX/MinMax/AAPL/aapl_iex_minmax_accuracy.png Graphic file (type png)
<use IEX/MinMax/AAPL/aapl_iex_minmax_accuracy.png>
Package pdftex.def Info: IEX/MinMax/AAPL/aapl_iex_minmax_accuracy.png  used on input line 712.
(pdftex.def)             Requested size: 136.57635pt x 107.57039pt.
<IEX/MinMax/AAPL/aapl_iex_minmax_loss.png, id=337, 416.2752pt x 327.8649pt>
File: IEX/MinMax/AAPL/aapl_iex_minmax_loss.png Graphic file (type png)
<use IEX/MinMax/AAPL/aapl_iex_minmax_loss.png>
Package pdftex.def Info: IEX/MinMax/AAPL/aapl_iex_minmax_loss.png  used on input line 713.
(pdftex.def)             Requested size: 136.57635pt x 107.57039pt.
<IEX/MinMax/AAPL/aapl_iex_minmax_cm.png, id=338, 360.1455pt x 327.8649pt>
File: IEX/MinMax/AAPL/aapl_iex_minmax_cm.png Graphic file (type png)
<use IEX/MinMax/AAPL/aapl_iex_minmax_cm.png>
Package pdftex.def Info: IEX/MinMax/AAPL/aapl_iex_minmax_cm.png  used on input line 714.
(pdftex.def)             Requested size: 136.57635pt x 124.33481pt.
 [17 <./IEX/Robust/AAPL/AAPL_iex_robust_accuracy.png> <./IEX/Robust/AAPL/AAPL_iex_robust_loss.png> <./IEX/Robust/AAPL/AAPL_iex_robust_cm.png>]
<IEX/Standard/AAPL/aapl_iex_standard_accuracy.png, id=349, 422.2977pt x 327.8649pt>
File: IEX/Standard/AAPL/aapl_iex_standard_accuracy.png Graphic file (type png)
<use IEX/Standard/AAPL/aapl_iex_standard_accuracy.png>
Package pdftex.def Info: IEX/Standard/AAPL/aapl_iex_standard_accuracy.png  used on input line 719.
(pdftex.def)             Requested size: 136.57635pt x 106.03453pt.
<IEX/Standard/AAPL/aapl_iex_standard_loss.png, id=350, 416.0343pt x 327.8649pt>
File: IEX/Standard/AAPL/aapl_iex_standard_loss.png Graphic file (type png)
<use IEX/Standard/AAPL/aapl_iex_standard_loss.png>
Package pdftex.def Info: IEX/Standard/AAPL/aapl_iex_standard_loss.png  used on input line 720.
(pdftex.def)             Requested size: 136.57635pt x 107.63043pt.
<IEX/Standard/AAPL/aapl_iex_standard_cm.png, id=351, 360.1455pt x 327.8649pt>
File: IEX/Standard/AAPL/aapl_iex_standard_cm.png Graphic file (type png)
<use IEX/Standard/AAPL/aapl_iex_standard_cm.png>
Package pdftex.def Info: IEX/Standard/AAPL/aapl_iex_standard_cm.png  used on input line 721.
(pdftex.def)             Requested size: 136.57635pt x 124.33481pt.
<SIP/Robust/AAPL/aapl_sip_robust_accuracy.png, id=352, 416.2752pt x 327.8649pt>
File: SIP/Robust/AAPL/aapl_sip_robust_accuracy.png Graphic file (type png)
<use SIP/Robust/AAPL/aapl_sip_robust_accuracy.png>
Package pdftex.def Info: SIP/Robust/AAPL/aapl_sip_robust_accuracy.png  used on input line 726.
(pdftex.def)             Requested size: 136.57635pt x 107.57039pt.
<SIP/Robust/AAPL/aapl_sip_robust_loss.png, id=353, 416.2752pt x 327.8649pt>
File: SIP/Robust/AAPL/aapl_sip_robust_loss.png Graphic file (type png)
<use SIP/Robust/AAPL/aapl_sip_robust_loss.png>
Package pdftex.def Info: SIP/Robust/AAPL/aapl_sip_robust_loss.png  used on input line 727.
(pdftex.def)             Requested size: 136.57635pt x 107.57039pt.
<SIP/Robust/AAPL/aapl_sip_robust_cm.png, id=354, 360.1455pt x 327.8649pt>
File: SIP/Robust/AAPL/aapl_sip_robust_cm.png Graphic file (type png)
<use SIP/Robust/AAPL/aapl_sip_robust_cm.png>
Package pdftex.def Info: SIP/Robust/AAPL/aapl_sip_robust_cm.png  used on input line 728.
(pdftex.def)             Requested size: 136.57635pt x 124.33481pt.
<SIP/NoScaler/AAPL/aapl_sip_noscaler_accuracy.png, id=355, 417.9615pt x 327.8649pt>
File: SIP/NoScaler/AAPL/aapl_sip_noscaler_accuracy.png Graphic file (type png)
<use SIP/NoScaler/AAPL/aapl_sip_noscaler_accuracy.png>
Package pdftex.def Info: SIP/NoScaler/AAPL/aapl_sip_noscaler_accuracy.png  used on input line 733.
(pdftex.def)             Requested size: 136.57635pt x 107.13515pt.
<SIP/NoScaler/AAPL/aapl_sip_noscaler_loss.png, id=356, 424.2249pt x 327.8649pt>
File: SIP/NoScaler/AAPL/aapl_sip_noscaler_loss.png Graphic file (type png)
<use SIP/NoScaler/AAPL/aapl_sip_noscaler_loss.png>
Package pdftex.def Info: SIP/NoScaler/AAPL/aapl_sip_noscaler_loss.png  used on input line 734.
(pdftex.def)             Requested size: 136.57635pt x 105.55426pt.
<SIP/NoScaler/AAPL/aapl_sip_noscaler_cm.png, id=357, 360.1455pt x 327.8649pt>
File: SIP/NoScaler/AAPL/aapl_sip_noscaler_cm.png Graphic file (type png)
<use SIP/NoScaler/AAPL/aapl_sip_noscaler_cm.png>
Package pdftex.def Info: SIP/NoScaler/AAPL/aapl_sip_noscaler_cm.png  used on input line 735.
(pdftex.def)             Requested size: 136.57635pt x 124.33481pt.
<SIP/MinMax/AAPL/aapl_sip_minmax_accuracy.png, id=358, 416.2752pt x 327.8649pt>
File: SIP/MinMax/AAPL/aapl_sip_minmax_accuracy.png Graphic file (type png)
<use SIP/MinMax/AAPL/aapl_sip_minmax_accuracy.png>
Package pdftex.def Info: SIP/MinMax/AAPL/aapl_sip_minmax_accuracy.png  used on input line 740.
(pdftex.def)             Requested size: 136.57635pt x 107.57039pt.
<SIP/MinMax/AAPL/aapl_sip_minmax_loss.png, id=359, 416.2752pt x 327.8649pt>
File: SIP/MinMax/AAPL/aapl_sip_minmax_loss.png Graphic file (type png)
<use SIP/MinMax/AAPL/aapl_sip_minmax_loss.png>
Package pdftex.def Info: SIP/MinMax/AAPL/aapl_sip_minmax_loss.png  used on input line 741.
(pdftex.def)             Requested size: 136.57635pt x 107.57039pt.
<SIP/MinMax/AAPL/aapl_sip_minmax_cm.png, id=360, 360.1455pt x 327.8649pt>
File: SIP/MinMax/AAPL/aapl_sip_minmax_cm.png Graphic file (type png)
<use SIP/MinMax/AAPL/aapl_sip_minmax_cm.png>
Package pdftex.def Info: SIP/MinMax/AAPL/aapl_sip_minmax_cm.png  used on input line 742.
(pdftex.def)             Requested size: 136.57635pt x 124.33481pt.
 [18 <./IEX/NoScaler/AAPL/AAPL_iex_noscaler_accuracy.png> <./IEX/NoScaler/AAPL/AAPL_iex_noscaler_loss.png> <./IEX/NoScaler/AAPL/AAPL_iex_noscaler_cm.png> <./IEX/MinMax/AAPL/AAPL_iex_minmax_accuracy.png> <./IEX/MinMax/AAPL/AAPL_iex_minmax_loss.png> <./IEX/MinMax/AAPL/AAPL_iex_minmax_cm.png> <./IEX/Standard/AAPL/AAPL_iex_standard_accuracy.png> <./IEX/Standard/AAPL/AAPL_iex_standard_loss.png> <./IEX/Standard/AAPL/AAPL_iex_standard_cm.png> <./SIP/Robust/AAPL/AAPL_sip_robust_accuracy.png> <./SIP/Robust/AAPL/AAPL_sip_robust_loss.png> <./SIP/Robust/AAPL/AAPL_sip_robust_cm.png>]
<SIP/Standard/AAPL/aapl_sip_standard_accuracy.png, id=382, 416.2752pt x 327.8649pt>
File: SIP/Standard/AAPL/aapl_sip_standard_accuracy.png Graphic file (type png)
<use SIP/Standard/AAPL/aapl_sip_standard_accuracy.png>
Package pdftex.def Info: SIP/Standard/AAPL/aapl_sip_standard_accuracy.png  used on input line 747.
(pdftex.def)             Requested size: 136.57635pt x 107.57039pt.
<SIP/Standard/AAPL/aapl_sip_standard_loss.png, id=383, 416.2752pt x 327.8649pt>
File: SIP/Standard/AAPL/aapl_sip_standard_loss.png Graphic file (type png)
<use SIP/Standard/AAPL/aapl_sip_standard_loss.png>
Package pdftex.def Info: SIP/Standard/AAPL/aapl_sip_standard_loss.png  used on input line 748.
(pdftex.def)             Requested size: 136.57635pt x 107.57039pt.
<SIP/Standard/AAPL/aapl_sip_standard_cm.png, id=384, 360.1455pt x 327.8649pt>
File: SIP/Standard/AAPL/aapl_sip_standard_cm.png Graphic file (type png)
<use SIP/Standard/AAPL/aapl_sip_standard_cm.png>
Package pdftex.def Info: SIP/Standard/AAPL/aapl_sip_standard_cm.png  used on input line 749.
(pdftex.def)             Requested size: 136.57635pt x 124.33481pt.
<IEX/Robust/AMZN/amzn_iex_robust_accuracy.png, id=385, 416.2752pt x 327.8649pt>
File: IEX/Robust/AMZN/amzn_iex_robust_accuracy.png Graphic file (type png)
<use IEX/Robust/AMZN/amzn_iex_robust_accuracy.png>
Package pdftex.def Info: IEX/Robust/AMZN/amzn_iex_robust_accuracy.png  used on input line 756.
(pdftex.def)             Requested size: 136.57635pt x 107.57039pt.
<IEX/Robust/AMZN/amzn_iex_robust_loss.png, id=386, 410.0118pt x 327.8649pt>
File: IEX/Robust/AMZN/amzn_iex_robust_loss.png Graphic file (type png)
<use IEX/Robust/AMZN/amzn_iex_robust_loss.png>
Package pdftex.def Info: IEX/Robust/AMZN/amzn_iex_robust_loss.png  used on input line 757.
(pdftex.def)             Requested size: 136.57635pt x 109.21132pt.
<IEX/Robust/AMZN/amzn_iex_robust_cm.png, id=387, 360.1455pt x 327.8649pt>
File: IEX/Robust/AMZN/amzn_iex_robust_cm.png Graphic file (type png)
<use IEX/Robust/AMZN/amzn_iex_robust_cm.png>
Package pdftex.def Info: IEX/Robust/AMZN/amzn_iex_robust_cm.png  used on input line 758.
(pdftex.def)             Requested size: 136.57635pt x 124.33481pt.
<IEX/NoScaler/AMZN/amzn_iex_noscaler_accuracy.png, id=388, 416.2752pt x 327.8649pt>
File: IEX/NoScaler/AMZN/amzn_iex_noscaler_accuracy.png Graphic file (type png)
<use IEX/NoScaler/AMZN/amzn_iex_noscaler_accuracy.png>
Package pdftex.def Info: IEX/NoScaler/AMZN/amzn_iex_noscaler_accuracy.png  used on input line 763.
(pdftex.def)             Requested size: 136.57635pt x 107.57039pt.
<IEX/NoScaler/AMZN/amzn_iex_noscaler_loss.png, id=389, 410.0118pt x 327.8649pt>
File: IEX/NoScaler/AMZN/amzn_iex_noscaler_loss.png Graphic file (type png)
<use IEX/NoScaler/AMZN/amzn_iex_noscaler_loss.png>
Package pdftex.def Info: IEX/NoScaler/AMZN/amzn_iex_noscaler_loss.png  used on input line 764.
(pdftex.def)             Requested size: 136.57635pt x 109.21132pt.
<IEX/NoScaler/AMZN/amzn_iex_noscaler_cm.png, id=390, 360.1455pt x 327.8649pt>
File: IEX/NoScaler/AMZN/amzn_iex_noscaler_cm.png Graphic file (type png)
<use IEX/NoScaler/AMZN/amzn_iex_noscaler_cm.png>
Package pdftex.def Info: IEX/NoScaler/AMZN/amzn_iex_noscaler_cm.png  used on input line 765.
(pdftex.def)             Requested size: 136.57635pt x 124.33481pt.
<IEX/MinMax/AMZN/amzn_iex_minmax_accuracy.png, id=391, 425.1885pt x 327.8649pt>
File: IEX/MinMax/AMZN/amzn_iex_minmax_accuracy.png Graphic file (type png)
<use IEX/MinMax/AMZN/amzn_iex_minmax_accuracy.png>
Package pdftex.def Info: IEX/MinMax/AMZN/amzn_iex_minmax_accuracy.png  used on input line 770.
(pdftex.def)             Requested size: 136.57635pt x 105.31412pt.
<IEX/MinMax/AMZN/amzn_iex_minmax_loss.png, id=392, 418.9251pt x 327.8649pt>
File: IEX/MinMax/AMZN/amzn_iex_minmax_loss.png Graphic file (type png)
<use IEX/MinMax/AMZN/amzn_iex_minmax_loss.png>
Package pdftex.def Info: IEX/MinMax/AMZN/amzn_iex_minmax_loss.png  used on input line 771.
(pdftex.def)             Requested size: 136.57635pt x 106.88501pt.
<IEX/MinMax/AMZN/amzn_iex_minmax_cm.png, id=393, 360.1455pt x 327.8649pt>
File: IEX/MinMax/AMZN/amzn_iex_minmax_cm.png Graphic file (type png)
<use IEX/MinMax/AMZN/amzn_iex_minmax_cm.png>
Package pdftex.def Info: IEX/MinMax/AMZN/amzn_iex_minmax_cm.png  used on input line 772.
(pdftex.def)             Requested size: 136.57635pt x 124.33481pt.
 [19 <./SIP/NoScaler/AAPL/AAPL_sip_noscaler_accuracy.png> <./SIP/NoScaler/AAPL/AAPL_sip_noscaler_loss.png> <./SIP/NoScaler/AAPL/AAPL_sip_noscaler_cm.png> <./SIP/MinMax/AAPL/AAPL_sip_minmax_accuracy.png> <./SIP/MinMax/AAPL/AAPL_sip_minmax_loss.png> <./SIP/MinMax/AAPL/AAPL_sip_minmax_cm.png> <./SIP/Standard/AAPL/AAPL_sip_standard_accuracy.png> <./SIP/Standard/AAPL/AAPL_sip_standard_loss.png> <./SIP/Standard/AAPL/AAPL_sip_standard_cm.png> <./IEX/Robust/AMZN/AMZN_iex_robust_accuracy.png> <./IEX/Robust/AMZN/AMZN_iex_robust_loss.png> <./IEX/Robust/AMZN/AMZN_iex_robust_cm.png>]
<IEX/Standard/AMZN/amzn_iex_standard_accuracy.png, id=414, 421.575pt x 327.8649pt>
File: IEX/Standard/AMZN/amzn_iex_standard_accuracy.png Graphic file (type png)
<use IEX/Standard/AMZN/amzn_iex_standard_accuracy.png>
Package pdftex.def Info: IEX/Standard/AMZN/amzn_iex_standard_accuracy.png  used on input line 777.
(pdftex.def)             Requested size: 136.57635pt x 106.21964pt.
<IEX/Standard/AMZN/amzn_iex_standard_loss.png, id=415, 421.575pt x 327.8649pt>
File: IEX/Standard/AMZN/amzn_iex_standard_loss.png Graphic file (type png)
<use IEX/Standard/AMZN/amzn_iex_standard_loss.png>
Package pdftex.def Info: IEX/Standard/AMZN/amzn_iex_standard_loss.png  used on input line 778.
(pdftex.def)             Requested size: 136.57635pt x 106.21964pt.
<IEX/Standard/AMZN/amzn_iex_standard_cm.png, id=416, 360.1455pt x 327.8649pt>
File: IEX/Standard/AMZN/amzn_iex_standard_cm.png Graphic file (type png)
<use IEX/Standard/AMZN/amzn_iex_standard_cm.png>
Package pdftex.def Info: IEX/Standard/AMZN/amzn_iex_standard_cm.png  used on input line 779.
(pdftex.def)             Requested size: 136.57635pt x 124.33481pt.
<SIP/Robust/AMZN/amzn_sip_robust_accuracy.png, id=417, 422.7795pt x 327.8649pt>
File: SIP/Robust/AMZN/amzn_sip_robust_accuracy.png Graphic file (type png)
<use SIP/Robust/AMZN/amzn_sip_robust_accuracy.png>
Package pdftex.def Info: SIP/Robust/AMZN/amzn_sip_robust_accuracy.png  used on input line 784.
(pdftex.def)             Requested size: 136.57635pt x 105.91446pt.
<SIP/Robust/AMZN/amzn_sip_robust_loss.png, id=418, 416.2752pt x 327.8649pt>
File: SIP/Robust/AMZN/amzn_sip_robust_loss.png Graphic file (type png)
<use SIP/Robust/AMZN/amzn_sip_robust_loss.png>
Package pdftex.def Info: SIP/Robust/AMZN/amzn_sip_robust_loss.png  used on input line 785.
(pdftex.def)             Requested size: 136.57635pt x 107.57039pt.
<SIP/Robust/AMZN/amzn_sip_robust_cm.png, id=419, 360.1455pt x 327.8649pt>
File: SIP/Robust/AMZN/amzn_sip_robust_cm.png Graphic file (type png)
<use SIP/Robust/AMZN/amzn_sip_robust_cm.png>
Package pdftex.def Info: SIP/Robust/AMZN/amzn_sip_robust_cm.png  used on input line 786.
(pdftex.def)             Requested size: 136.57635pt x 124.33481pt.
<SIP/NoScaler/AMZN/amzn_sip_noscaler_accuracy.png, id=420, 416.2752pt x 327.8649pt>
File: SIP/NoScaler/AMZN/amzn_sip_noscaler_accuracy.png Graphic file (type png)
<use SIP/NoScaler/AMZN/amzn_sip_noscaler_accuracy.png>
Package pdftex.def Info: SIP/NoScaler/AMZN/amzn_sip_noscaler_accuracy.png  used on input line 791.
(pdftex.def)             Requested size: 136.57635pt x 107.57039pt.
<SIP/NoScaler/AMZN/amzn_sip_noscaler_loss.png, id=421, 410.0118pt x 327.8649pt>
File: SIP/NoScaler/AMZN/amzn_sip_noscaler_loss.png Graphic file (type png)
<use SIP/NoScaler/AMZN/amzn_sip_noscaler_loss.png>
Package pdftex.def Info: SIP/NoScaler/AMZN/amzn_sip_noscaler_loss.png  used on input line 792.
(pdftex.def)             Requested size: 136.57635pt x 109.21132pt.
<SIP/NoScaler/AMZN/amzn_sip_noscaler_cm.png, id=422, 360.1455pt x 327.8649pt>
File: SIP/NoScaler/AMZN/amzn_sip_noscaler_cm.png Graphic file (type png)
<use SIP/NoScaler/AMZN/amzn_sip_noscaler_cm.png>
Package pdftex.def Info: SIP/NoScaler/AMZN/amzn_sip_noscaler_cm.png  used on input line 793.
(pdftex.def)             Requested size: 136.57635pt x 124.33481pt.
<SIP/MinMax/AMZN/amzn_sip_minmax_accuracy.png, id=423, 422.7795pt x 327.8649pt>
File: SIP/MinMax/AMZN/amzn_sip_minmax_accuracy.png Graphic file (type png)
<use SIP/MinMax/AMZN/amzn_sip_minmax_accuracy.png>
Package pdftex.def Info: SIP/MinMax/AMZN/amzn_sip_minmax_accuracy.png  used on input line 798.
(pdftex.def)             Requested size: 136.57635pt x 105.91446pt.
<SIP/MinMax/AMZN/amzn_sip_minmax_loss.png, id=424, 416.2752pt x 327.8649pt>
File: SIP/MinMax/AMZN/amzn_sip_minmax_loss.png Graphic file (type png)
<use SIP/MinMax/AMZN/amzn_sip_minmax_loss.png>
Package pdftex.def Info: SIP/MinMax/AMZN/amzn_sip_minmax_loss.png  used on input line 799.
(pdftex.def)             Requested size: 136.57635pt x 107.57039pt.
<SIP/MinMax/AMZN/amzn_sip_minmax_cm.png, id=425, 360.1455pt x 327.8649pt>
File: SIP/MinMax/AMZN/amzn_sip_minmax_cm.png Graphic file (type png)
<use SIP/MinMax/AMZN/amzn_sip_minmax_cm.png>
Package pdftex.def Info: SIP/MinMax/AMZN/amzn_sip_minmax_cm.png  used on input line 800.
(pdftex.def)             Requested size: 136.57635pt x 124.33481pt.
 [20 <./IEX/NoScaler/AMZN/AMZN_iex_noscaler_accuracy.png> <./IEX/NoScaler/AMZN/AMZN_iex_noscaler_loss.png> <./IEX/NoScaler/AMZN/AMZN_iex_noscaler_cm.png> <./IEX/MinMax/AMZN/AMZN_iex_minmax_accuracy.png> <./IEX/MinMax/AMZN/AMZN_iex_minmax_loss.png> <./IEX/MinMax/AMZN/AMZN_iex_minmax_cm.png> <./IEX/Standard/AMZN/AMZN_iex_standard_accuracy.png> <./IEX/Standard/AMZN/AMZN_iex_standard_loss.png> <./IEX/Standard/AMZN/AMZN_iex_standard_cm.png> <./SIP/Robust/AMZN/AMZN_sip_robust_accuracy.png> <./SIP/Robust/AMZN/AMZN_sip_robust_loss.png> <./SIP/Robust/AMZN/AMZN_sip_robust_cm.png>]
<SIP/Standard/AMZN/amzn_sip_standard_accuracy.png, id=446, 422.7795pt x 327.8649pt>
File: SIP/Standard/AMZN/amzn_sip_standard_accuracy.png Graphic file (type png)
<use SIP/Standard/AMZN/amzn_sip_standard_accuracy.png>
Package pdftex.def Info: SIP/Standard/AMZN/amzn_sip_standard_accuracy.png  used on input line 805.
(pdftex.def)             Requested size: 136.57635pt x 105.91446pt.
<SIP/Standard/AMZN/amzn_sip_standard_loss.png, id=447, 416.2752pt x 327.8649pt>
File: SIP/Standard/AMZN/amzn_sip_standard_loss.png Graphic file (type png)
<use SIP/Standard/AMZN/amzn_sip_standard_loss.png>
Package pdftex.def Info: SIP/Standard/AMZN/amzn_sip_standard_loss.png  used on input line 806.
(pdftex.def)             Requested size: 136.57635pt x 107.57039pt.
<SIP/Standard/AMZN/amzn_sip_standard_cm.png, id=448, 360.1455pt x 327.8649pt>
File: SIP/Standard/AMZN/amzn_sip_standard_cm.png Graphic file (type png)
<use SIP/Standard/AMZN/amzn_sip_standard_cm.png>
Package pdftex.def Info: SIP/Standard/AMZN/amzn_sip_standard_cm.png  used on input line 807.
(pdftex.def)             Requested size: 136.57635pt x 124.33481pt.
<IEX/Robust/DIA/dia_iex_robust_accuracy.png, id=449, 416.2752pt x 327.8649pt>
File: IEX/Robust/DIA/dia_iex_robust_accuracy.png Graphic file (type png)
<use IEX/Robust/DIA/dia_iex_robust_accuracy.png>
Package pdftex.def Info: IEX/Robust/DIA/dia_iex_robust_accuracy.png  used on input line 814.
(pdftex.def)             Requested size: 136.57635pt x 107.57039pt.
<IEX/Robust/DIA/dia_iex_robust_loss.png, id=450, 410.0118pt x 327.8649pt>
File: IEX/Robust/DIA/dia_iex_robust_loss.png Graphic file (type png)
<use IEX/Robust/DIA/dia_iex_robust_loss.png>
Package pdftex.def Info: IEX/Robust/DIA/dia_iex_robust_loss.png  used on input line 815.
(pdftex.def)             Requested size: 136.57635pt x 109.21132pt.
<IEX/Robust/DIA/dia_iex_robust_cm.png, id=451, 360.1455pt x 327.8649pt>
File: IEX/Robust/DIA/dia_iex_robust_cm.png Graphic file (type png)
<use IEX/Robust/DIA/dia_iex_robust_cm.png>
Package pdftex.def Info: IEX/Robust/DIA/dia_iex_robust_cm.png  used on input line 816.
(pdftex.def)             Requested size: 136.57635pt x 124.33481pt.
<IEX/NoScaler/DIA/dia_iex_noscaler_accuracy.png, id=452, 422.7795pt x 327.8649pt>
File: IEX/NoScaler/DIA/dia_iex_noscaler_accuracy.png Graphic file (type png)
<use IEX/NoScaler/DIA/dia_iex_noscaler_accuracy.png>
Package pdftex.def Info: IEX/NoScaler/DIA/dia_iex_noscaler_accuracy.png  used on input line 821.
(pdftex.def)             Requested size: 136.57635pt x 105.91446pt.
<IEX/NoScaler/DIA/dia_iex_noscaler_loss.png, id=453, 416.2752pt x 327.8649pt>
File: IEX/NoScaler/DIA/dia_iex_noscaler_loss.png Graphic file (type png)
<use IEX/NoScaler/DIA/dia_iex_noscaler_loss.png>
Package pdftex.def Info: IEX/NoScaler/DIA/dia_iex_noscaler_loss.png  used on input line 822.
(pdftex.def)             Requested size: 136.57635pt x 107.57039pt.
<IEX/NoScaler/DIA/dia_iex_noscaler_cm.png, id=454, 360.1455pt x 327.8649pt>
File: IEX/NoScaler/DIA/dia_iex_noscaler_cm.png Graphic file (type png)
<use IEX/NoScaler/DIA/dia_iex_noscaler_cm.png>
Package pdftex.def Info: IEX/NoScaler/DIA/dia_iex_noscaler_cm.png  used on input line 823.
(pdftex.def)             Requested size: 136.57635pt x 124.33481pt.
<IEX/MinMax/DIA/dia_iex_minmax_accuracy.png, id=455, 410.0118pt x 327.8649pt>
File: IEX/MinMax/DIA/dia_iex_minmax_accuracy.png Graphic file (type png)
<use IEX/MinMax/DIA/dia_iex_minmax_accuracy.png>
Package pdftex.def Info: IEX/MinMax/DIA/dia_iex_minmax_accuracy.png  used on input line 828.
(pdftex.def)             Requested size: 136.57635pt x 109.21132pt.
<IEX/MinMax/DIA/dia_iex_minmax_loss.png, id=456, 416.2752pt x 327.8649pt>
File: IEX/MinMax/DIA/dia_iex_minmax_loss.png Graphic file (type png)
<use IEX/MinMax/DIA/dia_iex_minmax_loss.png>
Package pdftex.def Info: IEX/MinMax/DIA/dia_iex_minmax_loss.png  used on input line 829.
(pdftex.def)             Requested size: 136.57635pt x 107.57039pt.
<IEX/MinMax/DIA/dia_iex_minmax_cm.png, id=457, 360.1455pt x 327.8649pt>
File: IEX/MinMax/DIA/dia_iex_minmax_cm.png Graphic file (type png)
<use IEX/MinMax/DIA/dia_iex_minmax_cm.png>
Package pdftex.def Info: IEX/MinMax/DIA/dia_iex_minmax_cm.png  used on input line 830.
(pdftex.def)             Requested size: 136.57635pt x 124.33481pt.
 [21 <./SIP/NoScaler/AMZN/AMZN_sip_noscaler_accuracy.png> <./SIP/NoScaler/AMZN/AMZN_sip_noscaler_loss.png> <./SIP/NoScaler/AMZN/AMZN_sip_noscaler_cm.png> <./SIP/MinMax/AMZN/AMZN_sip_minmax_accuracy.png> <./SIP/MinMax/AMZN/AMZN_sip_minmax_loss.png> <./SIP/MinMax/AMZN/AMZN_sip_minmax_cm.png> <./SIP/Standard/AMZN/AMZN_sip_standard_accuracy.png> <./SIP/Standard/AMZN/AMZN_sip_standard_loss.png> <./SIP/Standard/AMZN/AMZN_sip_standard_cm.png> <./IEX/Robust/DIA/DIA_iex_robust_accuracy.png> <./IEX/Robust/DIA/DIA_iex_robust_loss.png> <./IEX/Robust/DIA/DIA_iex_robust_cm.png>]
<IEX/Standard/DIA/dia_iex_standard_accuracy.png, id=478, 410.0118pt x 327.8649pt>
File: IEX/Standard/DIA/dia_iex_standard_accuracy.png Graphic file (type png)
<use IEX/Standard/DIA/dia_iex_standard_accuracy.png>
Package pdftex.def Info: IEX/Standard/DIA/dia_iex_standard_accuracy.png  used on input line 835.
(pdftex.def)             Requested size: 136.57635pt x 109.21132pt.
<IEX/Standard/DIA/dia_iex_standard_loss.png, id=479, 410.0118pt x 327.8649pt>
File: IEX/Standard/DIA/dia_iex_standard_loss.png Graphic file (type png)
<use IEX/Standard/DIA/dia_iex_standard_loss.png>
Package pdftex.def Info: IEX/Standard/DIA/dia_iex_standard_loss.png  used on input line 836.
(pdftex.def)             Requested size: 136.57635pt x 109.21132pt.
<IEX/Standard/DIA/dia_iex_standard_cm.png, id=480, 360.1455pt x 327.8649pt>
File: IEX/Standard/DIA/dia_iex_standard_cm.png Graphic file (type png)
<use IEX/Standard/DIA/dia_iex_standard_cm.png>
Package pdftex.def Info: IEX/Standard/DIA/dia_iex_standard_cm.png  used on input line 837.
(pdftex.def)             Requested size: 136.57635pt x 124.33481pt.
<SIP/Robust/DIA/dia_sip_robust_accuracy.png, id=481, 416.2752pt x 327.8649pt>
File: SIP/Robust/DIA/dia_sip_robust_accuracy.png Graphic file (type png)
<use SIP/Robust/DIA/dia_sip_robust_accuracy.png>
Package pdftex.def Info: SIP/Robust/DIA/dia_sip_robust_accuracy.png  used on input line 842.
(pdftex.def)             Requested size: 136.57635pt x 107.57039pt.
<SIP/Robust/DIA/dia_sip_robust_loss.png, id=482, 416.2752pt x 327.8649pt>
File: SIP/Robust/DIA/dia_sip_robust_loss.png Graphic file (type png)
<use SIP/Robust/DIA/dia_sip_robust_loss.png>
Package pdftex.def Info: SIP/Robust/DIA/dia_sip_robust_loss.png  used on input line 843.
(pdftex.def)             Requested size: 136.57635pt x 107.57039pt.
<SIP/Robust/DIA/dia_sip_robust_cm.png, id=483, 360.1455pt x 327.8649pt>
File: SIP/Robust/DIA/dia_sip_robust_cm.png Graphic file (type png)
<use SIP/Robust/DIA/dia_sip_robust_cm.png>
Package pdftex.def Info: SIP/Robust/DIA/dia_sip_robust_cm.png  used on input line 844.
(pdftex.def)             Requested size: 136.57635pt x 124.33481pt.
<SIP/NoScaler/DIA/dia_sip_noscaler_accuracy.png, id=484, 416.2752pt x 327.8649pt>
File: SIP/NoScaler/DIA/dia_sip_noscaler_accuracy.png Graphic file (type png)
<use SIP/NoScaler/DIA/dia_sip_noscaler_accuracy.png>
Package pdftex.def Info: SIP/NoScaler/DIA/dia_sip_noscaler_accuracy.png  used on input line 849.
(pdftex.def)             Requested size: 136.57635pt x 107.57039pt.
<SIP/NoScaler/DIA/dia_sip_noscaler_loss.png, id=485, 416.2752pt x 327.8649pt>
File: SIP/NoScaler/DIA/dia_sip_noscaler_loss.png Graphic file (type png)
<use SIP/NoScaler/DIA/dia_sip_noscaler_loss.png>
Package pdftex.def Info: SIP/NoScaler/DIA/dia_sip_noscaler_loss.png  used on input line 850.
(pdftex.def)             Requested size: 136.57635pt x 107.57039pt.
<SIP/NoScaler/DIA/dia_sip_noscaler_cm.png, id=486, 360.1455pt x 327.8649pt>
File: SIP/NoScaler/DIA/dia_sip_noscaler_cm.png Graphic file (type png)
<use SIP/NoScaler/DIA/dia_sip_noscaler_cm.png>
Package pdftex.def Info: SIP/NoScaler/DIA/dia_sip_noscaler_cm.png  used on input line 851.
(pdftex.def)             Requested size: 136.57635pt x 124.33481pt.
<SIP/MinMax/DIA/dia_sip_minmax_accuracy.png, id=487, 416.2752pt x 327.8649pt>
File: SIP/MinMax/DIA/dia_sip_minmax_accuracy.png Graphic file (type png)
<use SIP/MinMax/DIA/dia_sip_minmax_accuracy.png>
Package pdftex.def Info: SIP/MinMax/DIA/dia_sip_minmax_accuracy.png  used on input line 856.
(pdftex.def)             Requested size: 136.57635pt x 107.57039pt.
<SIP/MinMax/DIA/dia_sip_minmax_loss.png, id=488, 416.2752pt x 327.8649pt>
File: SIP/MinMax/DIA/dia_sip_minmax_loss.png Graphic file (type png)
<use SIP/MinMax/DIA/dia_sip_minmax_loss.png>
Package pdftex.def Info: SIP/MinMax/DIA/dia_sip_minmax_loss.png  used on input line 857.
(pdftex.def)             Requested size: 136.57635pt x 107.57039pt.
<SIP/MinMax/DIA/dia_sip_minmax_cm.png, id=489, 360.1455pt x 327.8649pt>
File: SIP/MinMax/DIA/dia_sip_minmax_cm.png Graphic file (type png)
<use SIP/MinMax/DIA/dia_sip_minmax_cm.png>
Package pdftex.def Info: SIP/MinMax/DIA/dia_sip_minmax_cm.png  used on input line 858.
(pdftex.def)             Requested size: 136.57635pt x 124.33481pt.
 [22 <./IEX/NoScaler/DIA/DIA_iex_noscaler_accuracy.png> <./IEX/NoScaler/DIA/DIA_iex_noscaler_loss.png> <./IEX/NoScaler/DIA/DIA_iex_noscaler_cm.png> <./IEX/MinMax/DIA/DIA_iex_minmax_accuracy.png> <./IEX/MinMax/DIA/DIA_iex_minmax_loss.png> <./IEX/MinMax/DIA/DIA_iex_minmax_cm.png> <./IEX/Standard/DIA/DIA_iex_standard_accuracy.png> <./IEX/Standard/DIA/DIA_iex_standard_loss.png> <./IEX/Standard/DIA/DIA_iex_standard_cm.png> <./SIP/Robust/DIA/DIA_sip_robust_accuracy.png> <./SIP/Robust/DIA/DIA_sip_robust_loss.png> <./SIP/Robust/DIA/DIA_sip_robust_cm.png>]
<SIP/Standard/DIA/dia_sip_standard_accuracy.png, id=510, 416.2752pt x 327.8649pt>
File: SIP/Standard/DIA/dia_sip_standard_accuracy.png Graphic file (type png)
<use SIP/Standard/DIA/dia_sip_standard_accuracy.png>
Package pdftex.def Info: SIP/Standard/DIA/dia_sip_standard_accuracy.png  used on input line 863.
(pdftex.def)             Requested size: 136.57635pt x 107.57039pt.
<SIP/Standard/DIA/dia_sip_standard_loss.png, id=511, 416.2752pt x 327.8649pt>
File: SIP/Standard/DIA/dia_sip_standard_loss.png Graphic file (type png)
<use SIP/Standard/DIA/dia_sip_standard_loss.png>
Package pdftex.def Info: SIP/Standard/DIA/dia_sip_standard_loss.png  used on input line 864.
(pdftex.def)             Requested size: 136.57635pt x 107.57039pt.
<SIP/Standard/DIA/dia_sip_standard_cm.png, id=512, 360.1455pt x 327.8649pt>
File: SIP/Standard/DIA/dia_sip_standard_cm.png Graphic file (type png)
<use SIP/Standard/DIA/dia_sip_standard_cm.png>
Package pdftex.def Info: SIP/Standard/DIA/dia_sip_standard_cm.png  used on input line 865.
(pdftex.def)             Requested size: 136.57635pt x 124.33481pt.
<IEX/Robust/GOOG/goog_iex_robust_accuracy.png, id=513, 416.2752pt x 327.8649pt>
File: IEX/Robust/GOOG/goog_iex_robust_accuracy.png Graphic file (type png)
<use IEX/Robust/GOOG/goog_iex_robust_accuracy.png>
Package pdftex.def Info: IEX/Robust/GOOG/goog_iex_robust_accuracy.png  used on input line 872.
(pdftex.def)             Requested size: 136.57635pt x 107.57039pt.
<IEX/Robust/GOOG/goog_iex_robust_loss.png, id=514, 410.0118pt x 327.8649pt>
File: IEX/Robust/GOOG/goog_iex_robust_loss.png Graphic file (type png)
<use IEX/Robust/GOOG/goog_iex_robust_loss.png>
Package pdftex.def Info: IEX/Robust/GOOG/goog_iex_robust_loss.png  used on input line 873.
(pdftex.def)             Requested size: 136.57635pt x 109.21132pt.
<IEX/Robust/GOOG/goog_iex_robust_cm.png, id=515, 360.1455pt x 327.8649pt>
File: IEX/Robust/GOOG/goog_iex_robust_cm.png Graphic file (type png)
<use IEX/Robust/GOOG/goog_iex_robust_cm.png>
Package pdftex.def Info: IEX/Robust/GOOG/goog_iex_robust_cm.png  used on input line 874.
(pdftex.def)             Requested size: 136.57635pt x 124.33481pt.
<IEX/NoScaler/GOOG/goog_iex_noscaler_accuracy.png, id=516, 416.2752pt x 327.8649pt>
File: IEX/NoScaler/GOOG/goog_iex_noscaler_accuracy.png Graphic file (type png)
<use IEX/NoScaler/GOOG/goog_iex_noscaler_accuracy.png>
Package pdftex.def Info: IEX/NoScaler/GOOG/goog_iex_noscaler_accuracy.png  used on input line 879.
(pdftex.def)             Requested size: 136.57635pt x 107.57039pt.
<IEX/NoScaler/GOOG/goog_iex_noscaler_loss.png, id=517, 410.0118pt x 327.8649pt>
File: IEX/NoScaler/GOOG/goog_iex_noscaler_loss.png Graphic file (type png)
<use IEX/NoScaler/GOOG/goog_iex_noscaler_loss.png>
Package pdftex.def Info: IEX/NoScaler/GOOG/goog_iex_noscaler_loss.png  used on input line 880.
(pdftex.def)             Requested size: 136.57635pt x 109.21132pt.
<IEX/NoScaler/GOOG/goog_iex_noscaler_cm.png, id=518, 360.1455pt x 327.8649pt>
File: IEX/NoScaler/GOOG/goog_iex_noscaler_cm.png Graphic file (type png)
<use IEX/NoScaler/GOOG/goog_iex_noscaler_cm.png>
Package pdftex.def Info: IEX/NoScaler/GOOG/goog_iex_noscaler_cm.png  used on input line 881.
(pdftex.def)             Requested size: 136.57635pt x 124.33481pt.
<IEX/MinMax/GOOG/goog_iex_minmax_accuracy.png, id=519, 416.2752pt x 327.8649pt>
File: IEX/MinMax/GOOG/goog_iex_minmax_accuracy.png Graphic file (type png)
<use IEX/MinMax/GOOG/goog_iex_minmax_accuracy.png>
Package pdftex.def Info: IEX/MinMax/GOOG/goog_iex_minmax_accuracy.png  used on input line 886.
(pdftex.def)             Requested size: 136.57635pt x 107.57039pt.
<IEX/MinMax/GOOG/goog_iex_minmax_loss.png, id=520, 410.0118pt x 327.8649pt>
File: IEX/MinMax/GOOG/goog_iex_minmax_loss.png Graphic file (type png)
<use IEX/MinMax/GOOG/goog_iex_minmax_loss.png>
Package pdftex.def Info: IEX/MinMax/GOOG/goog_iex_minmax_loss.png  used on input line 887.
(pdftex.def)             Requested size: 136.57635pt x 109.21132pt.
<IEX/MinMax/GOOG/goog_iex_minmax_cm.png, id=521, 360.1455pt x 327.8649pt>
File: IEX/MinMax/GOOG/goog_iex_minmax_cm.png Graphic file (type png)
<use IEX/MinMax/GOOG/goog_iex_minmax_cm.png>
Package pdftex.def Info: IEX/MinMax/GOOG/goog_iex_minmax_cm.png  used on input line 888.
(pdftex.def)             Requested size: 136.57635pt x 124.33481pt.
 [23 <./SIP/NoScaler/DIA/DIA_sip_noscaler_accuracy.png> <./SIP/NoScaler/DIA/DIA_sip_noscaler_loss.png> <./SIP/NoScaler/DIA/DIA_sip_noscaler_cm.png> <./SIP/MinMax/DIA/DIA_sip_minmax_accuracy.png> <./SIP/MinMax/DIA/DIA_sip_minmax_loss.png> <./SIP/MinMax/DIA/DIA_sip_minmax_cm.png> <./SIP/Standard/DIA/DIA_sip_standard_accuracy.png> <./SIP/Standard/DIA/DIA_sip_standard_loss.png> <./SIP/Standard/DIA/DIA_sip_standard_cm.png> <./IEX/Robust/GOOG/GOOG_iex_robust_accuracy.png> <./IEX/Robust/GOOG/GOOG_iex_robust_loss.png> <./IEX/Robust/GOOG/GOOG_iex_robust_cm.png>]
<IEX/Standard/GOOG/goog_iex_standard_accuracy.png, id=542, 417.9615pt x 327.8649pt>
File: IEX/Standard/GOOG/goog_iex_standard_accuracy.png Graphic file (type png)
<use IEX/Standard/GOOG/goog_iex_standard_accuracy.png>
Package pdftex.def Info: IEX/Standard/GOOG/goog_iex_standard_accuracy.png  used on input line 893.
(pdftex.def)             Requested size: 136.57635pt x 107.13515pt.
<IEX/Standard/GOOG/goog_iex_standard_loss.png, id=543, 411.6981pt x 327.8649pt>
File: IEX/Standard/GOOG/goog_iex_standard_loss.png Graphic file (type png)
<use IEX/Standard/GOOG/goog_iex_standard_loss.png>
Package pdftex.def Info: IEX/Standard/GOOG/goog_iex_standard_loss.png  used on input line 894.
(pdftex.def)             Requested size: 136.57635pt x 108.76607pt.
<IEX/Standard/GOOG/goog_iex_standard_cm.png, id=544, 360.1455pt x 327.8649pt>
File: IEX/Standard/GOOG/goog_iex_standard_cm.png Graphic file (type png)
<use IEX/Standard/GOOG/goog_iex_standard_cm.png>
Package pdftex.def Info: IEX/Standard/GOOG/goog_iex_standard_cm.png  used on input line 895.
(pdftex.def)             Requested size: 136.57635pt x 124.33481pt.
<SIP/Robust/GOOG/goog_sip_robust_accuracy.png, id=545, 422.7795pt x 327.8649pt>
File: SIP/Robust/GOOG/goog_sip_robust_accuracy.png Graphic file (type png)
<use SIP/Robust/GOOG/goog_sip_robust_accuracy.png>
Package pdftex.def Info: SIP/Robust/GOOG/goog_sip_robust_accuracy.png  used on input line 900.
(pdftex.def)             Requested size: 136.57635pt x 105.91446pt.
<SIP/Robust/GOOG/goog_sip_robust_loss.png, id=546, 410.0118pt x 327.8649pt>
File: SIP/Robust/GOOG/goog_sip_robust_loss.png Graphic file (type png)
<use SIP/Robust/GOOG/goog_sip_robust_loss.png>
Package pdftex.def Info: SIP/Robust/GOOG/goog_sip_robust_loss.png  used on input line 901.
(pdftex.def)             Requested size: 136.57635pt x 109.21132pt.
<SIP/Robust/GOOG/goog_sip_robust_cm.png, id=547, 360.1455pt x 327.8649pt>
File: SIP/Robust/GOOG/goog_sip_robust_cm.png Graphic file (type png)
<use SIP/Robust/GOOG/goog_sip_robust_cm.png>
Package pdftex.def Info: SIP/Robust/GOOG/goog_sip_robust_cm.png  used on input line 902.
(pdftex.def)             Requested size: 136.57635pt x 124.33481pt.
<SIP/NoScaler/GOOG/goog_sip_noscaler_accuracy.png, id=548, 416.2752pt x 327.8649pt>
File: SIP/NoScaler/GOOG/goog_sip_noscaler_accuracy.png Graphic file (type png)
<use SIP/NoScaler/GOOG/goog_sip_noscaler_accuracy.png>
Package pdftex.def Info: SIP/NoScaler/GOOG/goog_sip_noscaler_accuracy.png  used on input line 907.
(pdftex.def)             Requested size: 136.57635pt x 107.57039pt.
<SIP/NoScaler/GOOG/goog_sip_noscaler_loss.png, id=549, 410.0118pt x 327.8649pt>
File: SIP/NoScaler/GOOG/goog_sip_noscaler_loss.png Graphic file (type png)
<use SIP/NoScaler/GOOG/goog_sip_noscaler_loss.png>
Package pdftex.def Info: SIP/NoScaler/GOOG/goog_sip_noscaler_loss.png  used on input line 908.
(pdftex.def)             Requested size: 136.57635pt x 109.21132pt.
<SIP/NoScaler/GOOG/goog_sip_noscaler_cm.png, id=550, 360.1455pt x 327.8649pt>
File: SIP/NoScaler/GOOG/goog_sip_noscaler_cm.png Graphic file (type png)
<use SIP/NoScaler/GOOG/goog_sip_noscaler_cm.png>
Package pdftex.def Info: SIP/NoScaler/GOOG/goog_sip_noscaler_cm.png  used on input line 909.
(pdftex.def)             Requested size: 136.57635pt x 124.33481pt.
<SIP/MinMax/GOOG/goog_sip_minmax_accuracy.png, id=551, 422.7795pt x 327.8649pt>
File: SIP/MinMax/GOOG/goog_sip_minmax_accuracy.png Graphic file (type png)
<use SIP/MinMax/GOOG/goog_sip_minmax_accuracy.png>
Package pdftex.def Info: SIP/MinMax/GOOG/goog_sip_minmax_accuracy.png  used on input line 914.
(pdftex.def)             Requested size: 136.57635pt x 105.91446pt.
<SIP/MinMax/GOOG/goog_sip_minmax_loss.png, id=552, 410.0118pt x 327.8649pt>
File: SIP/MinMax/GOOG/goog_sip_minmax_loss.png Graphic file (type png)
<use SIP/MinMax/GOOG/goog_sip_minmax_loss.png>
Package pdftex.def Info: SIP/MinMax/GOOG/goog_sip_minmax_loss.png  used on input line 915.
(pdftex.def)             Requested size: 136.57635pt x 109.21132pt.
<SIP/MinMax/GOOG/goog_sip_minmax_cm.png, id=553, 360.1455pt x 327.8649pt>
File: SIP/MinMax/GOOG/goog_sip_minmax_cm.png Graphic file (type png)
<use SIP/MinMax/GOOG/goog_sip_minmax_cm.png>
Package pdftex.def Info: SIP/MinMax/GOOG/goog_sip_minmax_cm.png  used on input line 916.
(pdftex.def)             Requested size: 136.57635pt x 124.33481pt.
 [24 <./IEX/NoScaler/GOOG/GOOG_iex_noscaler_accuracy.png> <./IEX/NoScaler/GOOG/GOOG_iex_noscaler_loss.png> <./IEX/NoScaler/GOOG/GOOG_iex_noscaler_cm.png> <./IEX/MinMax/GOOG/GOOG_iex_minmax_accuracy.png> <./IEX/MinMax/GOOG/GOOG_iex_minmax_loss.png> <./IEX/MinMax/GOOG/GOOG_iex_minmax_cm.png> <./IEX/Standard/GOOG/GOOG_iex_standard_accuracy.png> <./IEX/Standard/GOOG/GOOG_iex_standard_loss.png> <./IEX/Standard/GOOG/GOOG_iex_standard_cm.png> <./SIP/Robust/GOOG/GOOG_sip_robust_accuracy.png> <./SIP/Robust/GOOG/GOOG_sip_robust_loss.png> <./SIP/Robust/GOOG/GOOG_sip_robust_cm.png>]
<SIP/Standard/GOOG/goog_sip_standard_accuracy.png, id=575, 422.7795pt x 327.8649pt>
File: SIP/Standard/GOOG/goog_sip_standard_accuracy.png Graphic file (type png)
<use SIP/Standard/GOOG/goog_sip_standard_accuracy.png>
Package pdftex.def Info: SIP/Standard/GOOG/goog_sip_standard_accuracy.png  used on input line 921.
(pdftex.def)             Requested size: 136.57635pt x 105.91446pt.
<SIP/Standard/GOOG/goog_sip_standard_loss.png, id=576, 410.0118pt x 327.8649pt>
File: SIP/Standard/GOOG/goog_sip_standard_loss.png Graphic file (type png)
<use SIP/Standard/GOOG/goog_sip_standard_loss.png>
Package pdftex.def Info: SIP/Standard/GOOG/goog_sip_standard_loss.png  used on input line 922.
(pdftex.def)             Requested size: 136.57635pt x 109.21132pt.
<SIP/Standard/GOOG/goog_sip_standard_cm.png, id=577, 360.1455pt x 327.8649pt>
File: SIP/Standard/GOOG/goog_sip_standard_cm.png Graphic file (type png)
<use SIP/Standard/GOOG/goog_sip_standard_cm.png>
Package pdftex.def Info: SIP/Standard/GOOG/goog_sip_standard_cm.png  used on input line 923.
(pdftex.def)             Requested size: 136.57635pt x 124.33481pt.
<IEX/Robust/IWM/iwm_iex_robust_accuracy.png, id=578, 422.7795pt x 327.8649pt>
File: IEX/Robust/IWM/iwm_iex_robust_accuracy.png Graphic file (type png)
<use IEX/Robust/IWM/iwm_iex_robust_accuracy.png>
Package pdftex.def Info: IEX/Robust/IWM/iwm_iex_robust_accuracy.png  used on input line 930.
(pdftex.def)             Requested size: 136.57635pt x 105.91446pt.
<IEX/Robust/IWM/iwm_iex_robust_loss.png, id=579, 416.2752pt x 327.8649pt>
File: IEX/Robust/IWM/iwm_iex_robust_loss.png Graphic file (type png)
<use IEX/Robust/IWM/iwm_iex_robust_loss.png>
Package pdftex.def Info: IEX/Robust/IWM/iwm_iex_robust_loss.png  used on input line 931.
(pdftex.def)             Requested size: 136.57635pt x 107.57039pt.
<IEX/Robust/IWM/iwm_iex_robust_cm.png, id=580, 360.1455pt x 327.8649pt>
File: IEX/Robust/IWM/iwm_iex_robust_cm.png Graphic file (type png)
<use IEX/Robust/IWM/iwm_iex_robust_cm.png>
Package pdftex.def Info: IEX/Robust/IWM/iwm_iex_robust_cm.png  used on input line 932.
(pdftex.def)             Requested size: 136.57635pt x 124.33481pt.
<IEX/NoScaler/IWM/iwm_iex_noscaler_accuracy.png, id=581, 416.2752pt x 327.8649pt>
File: IEX/NoScaler/IWM/iwm_iex_noscaler_accuracy.png Graphic file (type png)
<use IEX/NoScaler/IWM/iwm_iex_noscaler_accuracy.png>
Package pdftex.def Info: IEX/NoScaler/IWM/iwm_iex_noscaler_accuracy.png  used on input line 937.
(pdftex.def)             Requested size: 136.57635pt x 107.57039pt.
<IEX/NoScaler/IWM/iwm_iex_noscaler_loss.png, id=582, 416.2752pt x 327.8649pt>
File: IEX/NoScaler/IWM/iwm_iex_noscaler_loss.png Graphic file (type png)
<use IEX/NoScaler/IWM/iwm_iex_noscaler_loss.png>
Package pdftex.def Info: IEX/NoScaler/IWM/iwm_iex_noscaler_loss.png  used on input line 938.
(pdftex.def)             Requested size: 136.57635pt x 107.57039pt.
<IEX/NoScaler/IWM/iwm_iex_noscaler_cm.png, id=583, 360.1455pt x 327.8649pt>
File: IEX/NoScaler/IWM/iwm_iex_noscaler_cm.png Graphic file (type png)
<use IEX/NoScaler/IWM/iwm_iex_noscaler_cm.png>
Package pdftex.def Info: IEX/NoScaler/IWM/iwm_iex_noscaler_cm.png  used on input line 939.
(pdftex.def)             Requested size: 136.57635pt x 124.33481pt.
<IEX/MinMax/IWM/iwm_iex_minmax_accuracy.png, id=584, 422.7795pt x 327.8649pt>
File: IEX/MinMax/IWM/iwm_iex_minmax_accuracy.png Graphic file (type png)
<use IEX/MinMax/IWM/iwm_iex_minmax_accuracy.png>
Package pdftex.def Info: IEX/MinMax/IWM/iwm_iex_minmax_accuracy.png  used on input line 944.
(pdftex.def)             Requested size: 136.57635pt x 105.91446pt.
<IEX/MinMax/IWM/iwm_iex_minmax_loss.png, id=585, 416.2752pt x 327.8649pt>
File: IEX/MinMax/IWM/iwm_iex_minmax_loss.png Graphic file (type png)
<use IEX/MinMax/IWM/iwm_iex_minmax_loss.png>
Package pdftex.def Info: IEX/MinMax/IWM/iwm_iex_minmax_loss.png  used on input line 945.
(pdftex.def)             Requested size: 136.57635pt x 107.57039pt.
<IEX/MinMax/IWM/iwm_iex_minmax_cm.png, id=586, 360.1455pt x 327.8649pt>
File: IEX/MinMax/IWM/iwm_iex_minmax_cm.png Graphic file (type png)
<use IEX/MinMax/IWM/iwm_iex_minmax_cm.png>
Package pdftex.def Info: IEX/MinMax/IWM/iwm_iex_minmax_cm.png  used on input line 946.
(pdftex.def)             Requested size: 136.57635pt x 124.33481pt.
 [25 <./SIP/NoScaler/GOOG/GOOG_sip_noscaler_accuracy.png> <./SIP/NoScaler/GOOG/GOOG_sip_noscaler_loss.png> <./SIP/NoScaler/GOOG/GOOG_sip_noscaler_cm.png> <./SIP/MinMax/GOOG/GOOG_sip_minmax_accuracy.png> <./SIP/MinMax/GOOG/GOOG_sip_minmax_loss.png> <./SIP/MinMax/GOOG/GOOG_sip_minmax_cm.png> <./SIP/Standard/GOOG/GOOG_sip_standard_accuracy.png> <./SIP/Standard/GOOG/GOOG_sip_standard_loss.png> <./SIP/Standard/GOOG/GOOG_sip_standard_cm.png> <./IEX/Robust/IWM/IWM_iex_robust_accuracy.png> <./IEX/Robust/IWM/IWM_iex_robust_loss.png> <./IEX/Robust/IWM/IWM_iex_robust_cm.png>]
<IEX/Standard/IWM/iwm_iex_standard_accuracy.png, id=607, 422.7795pt x 327.8649pt>
File: IEX/Standard/IWM/iwm_iex_standard_accuracy.png Graphic file (type png)
<use IEX/Standard/IWM/iwm_iex_standard_accuracy.png>
Package pdftex.def Info: IEX/Standard/IWM/iwm_iex_standard_accuracy.png  used on input line 951.
(pdftex.def)             Requested size: 136.57635pt x 105.91446pt.
<IEX/Standard/IWM/iwm_iex_standard_loss.png, id=608, 416.2752pt x 327.8649pt>
File: IEX/Standard/IWM/iwm_iex_standard_loss.png Graphic file (type png)
<use IEX/Standard/IWM/iwm_iex_standard_loss.png>
Package pdftex.def Info: IEX/Standard/IWM/iwm_iex_standard_loss.png  used on input line 952.
(pdftex.def)             Requested size: 136.57635pt x 107.57039pt.
<IEX/Standard/IWM/iwm_iex_standard_cm.png, id=609, 360.1455pt x 327.8649pt>
File: IEX/Standard/IWM/iwm_iex_standard_cm.png Graphic file (type png)
<use IEX/Standard/IWM/iwm_iex_standard_cm.png>
Package pdftex.def Info: IEX/Standard/IWM/iwm_iex_standard_cm.png  used on input line 953.
(pdftex.def)             Requested size: 136.57635pt x 124.33481pt.
<SIP/Robust/IWM/iwm_sip_robust_accuracy.png, id=610, 419.6478pt x 327.8649pt>
File: SIP/Robust/IWM/iwm_sip_robust_accuracy.png Graphic file (type png)
<use SIP/Robust/IWM/iwm_sip_robust_accuracy.png>
Package pdftex.def Info: SIP/Robust/IWM/iwm_sip_robust_accuracy.png  used on input line 958.
(pdftex.def)             Requested size: 136.57635pt x 106.70491pt.
<SIP/Robust/IWM/iwm_sip_robust_loss.png, id=611, 413.3844pt x 327.8649pt>
File: SIP/Robust/IWM/iwm_sip_robust_loss.png Graphic file (type png)
<use SIP/Robust/IWM/iwm_sip_robust_loss.png>
Package pdftex.def Info: SIP/Robust/IWM/iwm_sip_robust_loss.png  used on input line 959.
(pdftex.def)             Requested size: 136.57635pt x 108.32082pt.
<SIP/Robust/IWM/iwm_sip_robust_cm.png, id=612, 360.1455pt x 327.8649pt>
File: SIP/Robust/IWM/iwm_sip_robust_cm.png Graphic file (type png)
<use SIP/Robust/IWM/iwm_sip_robust_cm.png>
Package pdftex.def Info: SIP/Robust/IWM/iwm_sip_robust_cm.png  used on input line 960.
(pdftex.def)             Requested size: 136.57635pt x 124.33481pt.
<SIP/NoScaler/IWM/iwm_sip_noscaler_accuracy.png, id=613, 416.2752pt x 327.8649pt>
File: SIP/NoScaler/IWM/iwm_sip_noscaler_accuracy.png Graphic file (type png)
<use SIP/NoScaler/IWM/iwm_sip_noscaler_accuracy.png>
Package pdftex.def Info: SIP/NoScaler/IWM/iwm_sip_noscaler_accuracy.png  used on input line 965.
(pdftex.def)             Requested size: 136.57635pt x 107.57039pt.
<SIP/NoScaler/IWM/iwm_sip_noscaler_loss.png, id=614, 416.2752pt x 327.8649pt>
File: SIP/NoScaler/IWM/iwm_sip_noscaler_loss.png Graphic file (type png)
<use SIP/NoScaler/IWM/iwm_sip_noscaler_loss.png>
Package pdftex.def Info: SIP/NoScaler/IWM/iwm_sip_noscaler_loss.png  used on input line 966.
(pdftex.def)             Requested size: 136.57635pt x 107.57039pt.
<SIP/NoScaler/IWM/iwm_sip_noscaler_cm.png, id=615, 360.1455pt x 327.8649pt>
File: SIP/NoScaler/IWM/iwm_sip_noscaler_cm.png Graphic file (type png)
<use SIP/NoScaler/IWM/iwm_sip_noscaler_cm.png>
Package pdftex.def Info: SIP/NoScaler/IWM/iwm_sip_noscaler_cm.png  used on input line 967.
(pdftex.def)             Requested size: 136.57635pt x 124.33481pt.
<SIP/MinMax/IWM/iwm_sip_minmax_accuracy.png, id=616, 419.166pt x 327.8649pt>
File: SIP/MinMax/IWM/iwm_sip_minmax_accuracy.png Graphic file (type png)
<use SIP/MinMax/IWM/iwm_sip_minmax_accuracy.png>
Package pdftex.def Info: SIP/MinMax/IWM/iwm_sip_minmax_accuracy.png  used on input line 972.
(pdftex.def)             Requested size: 136.57635pt x 106.82997pt.
<SIP/MinMax/IWM/iwm_sip_minmax_loss.png, id=617, 412.9026pt x 327.8649pt>
File: SIP/MinMax/IWM/iwm_sip_minmax_loss.png Graphic file (type png)
<use SIP/MinMax/IWM/iwm_sip_minmax_loss.png>
Package pdftex.def Info: SIP/MinMax/IWM/iwm_sip_minmax_loss.png  used on input line 973.
(pdftex.def)             Requested size: 136.57635pt x 108.45088pt.
<SIP/MinMax/IWM/iwm_sip_minmax_cm.png, id=618, 360.1455pt x 327.8649pt>
File: SIP/MinMax/IWM/iwm_sip_minmax_cm.png Graphic file (type png)
<use SIP/MinMax/IWM/iwm_sip_minmax_cm.png>
Package pdftex.def Info: SIP/MinMax/IWM/iwm_sip_minmax_cm.png  used on input line 974.
(pdftex.def)             Requested size: 136.57635pt x 124.33481pt.
 [26 <./IEX/NoScaler/IWM/IWM_iex_noscaler_accuracy.png> <./IEX/NoScaler/IWM/IWM_iex_noscaler_loss.png> <./IEX/NoScaler/IWM/IWM_iex_noscaler_cm.png> <./IEX/MinMax/IWM/IWM_iex_minmax_accuracy.png> <./IEX/MinMax/IWM/IWM_iex_minmax_loss.png> <./IEX/MinMax/IWM/IWM_iex_minmax_cm.png> <./IEX/Standard/IWM/IWM_iex_standard_accuracy.png> <./IEX/Standard/IWM/IWM_iex_standard_loss.png> <./IEX/Standard/IWM/IWM_iex_standard_cm.png> <./SIP/Robust/IWM/IWM_sip_robust_accuracy.png> <./SIP/Robust/IWM/IWM_sip_robust_loss.png> <./SIP/Robust/IWM/IWM_sip_robust_cm.png>]
<SIP/Standard/IWM/iwm_sip_standard_accuracy.png, id=639, 416.2752pt x 327.8649pt>
File: SIP/Standard/IWM/iwm_sip_standard_accuracy.png Graphic file (type png)
<use SIP/Standard/IWM/iwm_sip_standard_accuracy.png>
Package pdftex.def Info: SIP/Standard/IWM/iwm_sip_standard_accuracy.png  used on input line 979.
(pdftex.def)             Requested size: 136.57635pt x 107.57039pt.
<SIP/Standard/IWM/iwm_sip_standard_loss.png, id=640, 410.0118pt x 327.8649pt>
File: SIP/Standard/IWM/iwm_sip_standard_loss.png Graphic file (type png)
<use SIP/Standard/IWM/iwm_sip_standard_loss.png>
Package pdftex.def Info: SIP/Standard/IWM/iwm_sip_standard_loss.png  used on input line 980.
(pdftex.def)             Requested size: 136.57635pt x 109.21132pt.
<SIP/Standard/IWM/iwm_sip_standard_cm.png, id=641, 360.1455pt x 327.8649pt>
File: SIP/Standard/IWM/iwm_sip_standard_cm.png Graphic file (type png)
<use SIP/Standard/IWM/iwm_sip_standard_cm.png>
Package pdftex.def Info: SIP/Standard/IWM/iwm_sip_standard_cm.png  used on input line 981.
(pdftex.def)             Requested size: 136.57635pt x 124.33481pt.
<IEX/Robust/MSFT/msft_iex_robust_accuracy.png, id=642, 416.2752pt x 327.8649pt>
File: IEX/Robust/MSFT/msft_iex_robust_accuracy.png Graphic file (type png)
<use IEX/Robust/MSFT/msft_iex_robust_accuracy.png>
Package pdftex.def Info: IEX/Robust/MSFT/msft_iex_robust_accuracy.png  used on input line 988.
(pdftex.def)             Requested size: 136.57635pt x 107.57039pt.
<IEX/Robust/MSFT/msft_iex_robust_loss.png, id=643, 410.0118pt x 327.8649pt>
File: IEX/Robust/MSFT/msft_iex_robust_loss.png Graphic file (type png)
<use IEX/Robust/MSFT/msft_iex_robust_loss.png>
Package pdftex.def Info: IEX/Robust/MSFT/msft_iex_robust_loss.png  used on input line 989.
(pdftex.def)             Requested size: 136.57635pt x 109.21132pt.
<IEX/Robust/MSFT/msft_iex_robust_cm.png, id=644, 360.1455pt x 327.8649pt>
File: IEX/Robust/MSFT/msft_iex_robust_cm.png Graphic file (type png)
<use IEX/Robust/MSFT/msft_iex_robust_cm.png>
Package pdftex.def Info: IEX/Robust/MSFT/msft_iex_robust_cm.png  used on input line 990.
(pdftex.def)             Requested size: 136.57635pt x 124.33481pt.
<IEX/NoScaler/MSFT/msft_iex_noscaler_accuracy.png, id=645, 416.2752pt x 327.8649pt>
File: IEX/NoScaler/MSFT/msft_iex_noscaler_accuracy.png Graphic file (type png)
<use IEX/NoScaler/MSFT/msft_iex_noscaler_accuracy.png>
Package pdftex.def Info: IEX/NoScaler/MSFT/msft_iex_noscaler_accuracy.png  used on input line 995.
(pdftex.def)             Requested size: 136.57635pt x 107.57039pt.
<IEX/NoScaler/MSFT/msft_iex_noscaler_loss.png, id=646, 410.0118pt x 327.8649pt>
File: IEX/NoScaler/MSFT/msft_iex_noscaler_loss.png Graphic file (type png)
<use IEX/NoScaler/MSFT/msft_iex_noscaler_loss.png>
Package pdftex.def Info: IEX/NoScaler/MSFT/msft_iex_noscaler_loss.png  used on input line 996.
(pdftex.def)             Requested size: 136.57635pt x 109.21132pt.
<IEX/NoScaler/MSFT/msft_iex_noscaler_cm.png, id=647, 360.1455pt x 327.8649pt>
File: IEX/NoScaler/MSFT/msft_iex_noscaler_cm.png Graphic file (type png)
<use IEX/NoScaler/MSFT/msft_iex_noscaler_cm.png>
Package pdftex.def Info: IEX/NoScaler/MSFT/msft_iex_noscaler_cm.png  used on input line 997.
(pdftex.def)             Requested size: 136.57635pt x 124.33481pt.
<IEX/MinMax/MSFT/msft_iex_minmax_accuracy.png, id=648, 416.2752pt x 327.8649pt>
File: IEX/MinMax/MSFT/msft_iex_minmax_accuracy.png Graphic file (type png)
<use IEX/MinMax/MSFT/msft_iex_minmax_accuracy.png>
Package pdftex.def Info: IEX/MinMax/MSFT/msft_iex_minmax_accuracy.png  used on input line 1002.
(pdftex.def)             Requested size: 136.57635pt x 107.57039pt.
<IEX/MinMax/MSFT/msft_iex_minmax_loss.png, id=649, 410.0118pt x 327.8649pt>
File: IEX/MinMax/MSFT/msft_iex_minmax_loss.png Graphic file (type png)
<use IEX/MinMax/MSFT/msft_iex_minmax_loss.png>
Package pdftex.def Info: IEX/MinMax/MSFT/msft_iex_minmax_loss.png  used on input line 1003.
(pdftex.def)             Requested size: 136.57635pt x 109.21132pt.
<IEX/MinMax/MSFT/msft_iex_minmax_cm.png, id=650, 360.1455pt x 327.8649pt>
File: IEX/MinMax/MSFT/msft_iex_minmax_cm.png Graphic file (type png)
<use IEX/MinMax/MSFT/msft_iex_minmax_cm.png>
Package pdftex.def Info: IEX/MinMax/MSFT/msft_iex_minmax_cm.png  used on input line 1004.
(pdftex.def)             Requested size: 136.57635pt x 124.33481pt.
 [27 <./SIP/NoScaler/IWM/IWM_sip_noscaler_accuracy.png> <./SIP/NoScaler/IWM/IWM_sip_noscaler_loss.png> <./SIP/NoScaler/IWM/IWM_sip_noscaler_cm.png> <./SIP/MinMax/IWM/IWM_sip_minmax_accuracy.png> <./SIP/MinMax/IWM/IWM_sip_minmax_loss.png> <./SIP/MinMax/IWM/IWM_sip_minmax_cm.png> <./SIP/Standard/IWM/IWM_sip_standard_accuracy.png> <./SIP/Standard/IWM/IWM_sip_standard_loss.png> <./SIP/Standard/IWM/IWM_sip_standard_cm.png> <./IEX/Robust/MSFT/MSFT_iex_robust_accuracy.png> <./IEX/Robust/MSFT/MSFT_iex_robust_loss.png> <./IEX/Robust/MSFT/MSFT_iex_robust_cm.png>]
<IEX/Standard/MSFT/msft_iex_standard_accuracy.png, id=671, 416.2752pt x 327.8649pt>
File: IEX/Standard/MSFT/msft_iex_standard_accuracy.png Graphic file (type png)
<use IEX/Standard/MSFT/msft_iex_standard_accuracy.png>
Package pdftex.def Info: IEX/Standard/MSFT/msft_iex_standard_accuracy.png  used on input line 1009.
(pdftex.def)             Requested size: 136.57635pt x 107.57039pt.
<IEX/Standard/MSFT/msft_iex_standard_loss.png, id=672, 410.0118pt x 327.8649pt>
File: IEX/Standard/MSFT/msft_iex_standard_loss.png Graphic file (type png)
<use IEX/Standard/MSFT/msft_iex_standard_loss.png>
Package pdftex.def Info: IEX/Standard/MSFT/msft_iex_standard_loss.png  used on input line 1010.
(pdftex.def)             Requested size: 136.57635pt x 109.21132pt.
<IEX/Standard/MSFT/msft_iex_standard_cm.png, id=673, 360.1455pt x 327.8649pt>
File: IEX/Standard/MSFT/msft_iex_standard_cm.png Graphic file (type png)
<use IEX/Standard/MSFT/msft_iex_standard_cm.png>
Package pdftex.def Info: IEX/Standard/MSFT/msft_iex_standard_cm.png  used on input line 1011.
(pdftex.def)             Requested size: 136.57635pt x 124.33481pt.
<SIP/Robust/MSFT/msft_sip_robust_accuracy.png, id=674, 416.2752pt x 327.8649pt>
File: SIP/Robust/MSFT/msft_sip_robust_accuracy.png Graphic file (type png)
<use SIP/Robust/MSFT/msft_sip_robust_accuracy.png>
Package pdftex.def Info: SIP/Robust/MSFT/msft_sip_robust_accuracy.png  used on input line 1016.
(pdftex.def)             Requested size: 136.57635pt x 107.57039pt.
<SIP/Robust/MSFT/msft_sip_robust_loss.png, id=675, 422.7795pt x 327.8649pt>
File: SIP/Robust/MSFT/msft_sip_robust_loss.png Graphic file (type png)
<use SIP/Robust/MSFT/msft_sip_robust_loss.png>
Package pdftex.def Info: SIP/Robust/MSFT/msft_sip_robust_loss.png  used on input line 1017.
(pdftex.def)             Requested size: 136.57635pt x 105.91446pt.
<SIP/Robust/MSFT/msft_sip_robust_cm.png, id=676, 360.1455pt x 327.8649pt>
File: SIP/Robust/MSFT/msft_sip_robust_cm.png Graphic file (type png)
<use SIP/Robust/MSFT/msft_sip_robust_cm.png>
Package pdftex.def Info: SIP/Robust/MSFT/msft_sip_robust_cm.png  used on input line 1018.
(pdftex.def)             Requested size: 136.57635pt x 124.33481pt.
<SIP/NoScaler/MSFT/msft_sip_noscaler_accuracy.png, id=677, 416.2752pt x 327.8649pt>
File: SIP/NoScaler/MSFT/msft_sip_noscaler_accuracy.png Graphic file (type png)
<use SIP/NoScaler/MSFT/msft_sip_noscaler_accuracy.png>
Package pdftex.def Info: SIP/NoScaler/MSFT/msft_sip_noscaler_accuracy.png  used on input line 1023.
(pdftex.def)             Requested size: 136.57635pt x 107.57039pt.
<SIP/NoScaler/MSFT/msft_sip_noscaler_loss.png, id=678, 416.2752pt x 327.8649pt>
File: SIP/NoScaler/MSFT/msft_sip_noscaler_loss.png Graphic file (type png)
<use SIP/NoScaler/MSFT/msft_sip_noscaler_loss.png>
Package pdftex.def Info: SIP/NoScaler/MSFT/msft_sip_noscaler_loss.png  used on input line 1024.
(pdftex.def)             Requested size: 136.57635pt x 107.57039pt.
<SIP/NoScaler/MSFT/msft_sip_noscaler_cm.png, id=679, 360.1455pt x 327.8649pt>
File: SIP/NoScaler/MSFT/msft_sip_noscaler_cm.png Graphic file (type png)
<use SIP/NoScaler/MSFT/msft_sip_noscaler_cm.png>
Package pdftex.def Info: SIP/NoScaler/MSFT/msft_sip_noscaler_cm.png  used on input line 1025.
(pdftex.def)             Requested size: 136.57635pt x 124.33481pt.
<SIP/MinMax/MSFT/msft_sip_minmax_accuracy.png, id=680, 416.2752pt x 327.8649pt>
File: SIP/MinMax/MSFT/msft_sip_minmax_accuracy.png Graphic file (type png)
<use SIP/MinMax/MSFT/msft_sip_minmax_accuracy.png>
Package pdftex.def Info: SIP/MinMax/MSFT/msft_sip_minmax_accuracy.png  used on input line 1030.
(pdftex.def)             Requested size: 136.57635pt x 107.57039pt.
<SIP/MinMax/MSFT/msft_sip_minmax_loss.png, id=681, 422.7795pt x 327.8649pt>
File: SIP/MinMax/MSFT/msft_sip_minmax_loss.png Graphic file (type png)
<use SIP/MinMax/MSFT/msft_sip_minmax_loss.png>
Package pdftex.def Info: SIP/MinMax/MSFT/msft_sip_minmax_loss.png  used on input line 1031.
(pdftex.def)             Requested size: 136.57635pt x 105.91446pt.
<SIP/MinMax/MSFT/msft_sip_minmax_cm.png, id=682, 360.1455pt x 327.8649pt>
File: SIP/MinMax/MSFT/msft_sip_minmax_cm.png Graphic file (type png)
<use SIP/MinMax/MSFT/msft_sip_minmax_cm.png>
Package pdftex.def Info: SIP/MinMax/MSFT/msft_sip_minmax_cm.png  used on input line 1032.
(pdftex.def)             Requested size: 136.57635pt x 124.33481pt.
 [28 <./IEX/NoScaler/MSFT/MSFT_iex_noscaler_accuracy.png> <./IEX/NoScaler/MSFT/MSFT_iex_noscaler_loss.png> <./IEX/NoScaler/MSFT/MSFT_iex_noscaler_cm.png> <./IEX/MinMax/MSFT/MSFT_iex_minmax_accuracy.png> <./IEX/MinMax/MSFT/MSFT_iex_minmax_loss.png> <./IEX/MinMax/MSFT/MSFT_iex_minmax_cm.png> <./IEX/Standard/MSFT/MSFT_iex_standard_accuracy.png> <./IEX/Standard/MSFT/MSFT_iex_standard_loss.png> <./IEX/Standard/MSFT/MSFT_iex_standard_cm.png> <./SIP/Robust/MSFT/MSFT_sip_robust_accuracy.png> <./SIP/Robust/MSFT/MSFT_sip_robust_loss.png> <./SIP/Robust/MSFT/MSFT_sip_robust_cm.png>]
<SIP/Standard/MSFT/msft_sip_standard_accuracy.png, id=704, 416.2752pt x 327.8649pt>
File: SIP/Standard/MSFT/msft_sip_standard_accuracy.png Graphic file (type png)
<use SIP/Standard/MSFT/msft_sip_standard_accuracy.png>
Package pdftex.def Info: SIP/Standard/MSFT/msft_sip_standard_accuracy.png  used on input line 1037.
(pdftex.def)             Requested size: 136.57635pt x 107.57039pt.
<SIP/Standard/MSFT/msft_sip_standard_loss.png, id=705, 422.7795pt x 327.8649pt>
File: SIP/Standard/MSFT/msft_sip_standard_loss.png Graphic file (type png)
<use SIP/Standard/MSFT/msft_sip_standard_loss.png>
Package pdftex.def Info: SIP/Standard/MSFT/msft_sip_standard_loss.png  used on input line 1038.
(pdftex.def)             Requested size: 136.57635pt x 105.91446pt.
<SIP/Standard/MSFT/msft_sip_standard_cm.png, id=706, 360.1455pt x 327.8649pt>
File: SIP/Standard/MSFT/msft_sip_standard_cm.png Graphic file (type png)
<use SIP/Standard/MSFT/msft_sip_standard_cm.png>
Package pdftex.def Info: SIP/Standard/MSFT/msft_sip_standard_cm.png  used on input line 1039.
(pdftex.def)             Requested size: 136.57635pt x 124.33481pt.
<IEX/Robust/NVDA/nvda_iex_robust_accuracy.png, id=707, 416.2752pt x 327.8649pt>
File: IEX/Robust/NVDA/nvda_iex_robust_accuracy.png Graphic file (type png)
<use IEX/Robust/NVDA/nvda_iex_robust_accuracy.png>
Package pdftex.def Info: IEX/Robust/NVDA/nvda_iex_robust_accuracy.png  used on input line 1046.
(pdftex.def)             Requested size: 136.57635pt x 107.57039pt.
<IEX/Robust/NVDA/nvda_iex_robust_loss.png, id=708, 416.2752pt x 327.8649pt>
File: IEX/Robust/NVDA/nvda_iex_robust_loss.png Graphic file (type png)
<use IEX/Robust/NVDA/nvda_iex_robust_loss.png>
Package pdftex.def Info: IEX/Robust/NVDA/nvda_iex_robust_loss.png  used on input line 1047.
(pdftex.def)             Requested size: 136.57635pt x 107.57039pt.
<IEX/Robust/NVDA/nvda_iex_robust_cm.png, id=709, 360.1455pt x 327.8649pt>
File: IEX/Robust/NVDA/nvda_iex_robust_cm.png Graphic file (type png)
<use IEX/Robust/NVDA/nvda_iex_robust_cm.png>
Package pdftex.def Info: IEX/Robust/NVDA/nvda_iex_robust_cm.png  used on input line 1048.
(pdftex.def)             Requested size: 136.57635pt x 124.33481pt.
<IEX/NoScaler/NVDA/nvda_iex_noscaler_accuracy.png, id=710, 416.2752pt x 327.8649pt>
File: IEX/NoScaler/NVDA/nvda_iex_noscaler_accuracy.png Graphic file (type png)
<use IEX/NoScaler/NVDA/nvda_iex_noscaler_accuracy.png>
Package pdftex.def Info: IEX/NoScaler/NVDA/nvda_iex_noscaler_accuracy.png  used on input line 1053.
(pdftex.def)             Requested size: 136.57635pt x 107.57039pt.
<IEX/NoScaler/NVDA/nvda_iex_noscaler_loss.png, id=711, 416.2752pt x 327.8649pt>
File: IEX/NoScaler/NVDA/nvda_iex_noscaler_loss.png Graphic file (type png)
<use IEX/NoScaler/NVDA/nvda_iex_noscaler_loss.png>
Package pdftex.def Info: IEX/NoScaler/NVDA/nvda_iex_noscaler_loss.png  used on input line 1054.
(pdftex.def)             Requested size: 136.57635pt x 107.57039pt.
<IEX/NoScaler/NVDA/nvda_iex_noscaler_cm.png, id=712, 360.1455pt x 327.8649pt>
File: IEX/NoScaler/NVDA/nvda_iex_noscaler_cm.png Graphic file (type png)
<use IEX/NoScaler/NVDA/nvda_iex_noscaler_cm.png>
Package pdftex.def Info: IEX/NoScaler/NVDA/nvda_iex_noscaler_cm.png  used on input line 1055.
(pdftex.def)             Requested size: 136.57635pt x 124.33481pt.
<IEX/MinMax/NVDA/nvda_iex_minmax_accuracy.png, id=713, 416.2752pt x 327.8649pt>
File: IEX/MinMax/NVDA/nvda_iex_minmax_accuracy.png Graphic file (type png)
<use IEX/MinMax/NVDA/nvda_iex_minmax_accuracy.png>
Package pdftex.def Info: IEX/MinMax/NVDA/nvda_iex_minmax_accuracy.png  used on input line 1060.
(pdftex.def)             Requested size: 136.57635pt x 107.57039pt.
<IEX/MinMax/NVDA/nvda_iex_minmax_loss.png, id=714, 410.0118pt x 327.8649pt>
File: IEX/MinMax/NVDA/nvda_iex_minmax_loss.png Graphic file (type png)
<use IEX/MinMax/NVDA/nvda_iex_minmax_loss.png>
Package pdftex.def Info: IEX/MinMax/NVDA/nvda_iex_minmax_loss.png  used on input line 1061.
(pdftex.def)             Requested size: 136.57635pt x 109.21132pt.
<IEX/MinMax/NVDA/nvda_iex_minmax_cm.png, id=715, 360.1455pt x 327.8649pt>
File: IEX/MinMax/NVDA/nvda_iex_minmax_cm.png Graphic file (type png)
<use IEX/MinMax/NVDA/nvda_iex_minmax_cm.png>
Package pdftex.def Info: IEX/MinMax/NVDA/nvda_iex_minmax_cm.png  used on input line 1062.
(pdftex.def)             Requested size: 136.57635pt x 124.33481pt.
 [29 <./SIP/NoScaler/MSFT/MSFT_sip_noscaler_accuracy.png> <./SIP/NoScaler/MSFT/MSFT_sip_noscaler_loss.png> <./SIP/NoScaler/MSFT/MSFT_sip_noscaler_cm.png> <./SIP/MinMax/MSFT/MSFT_sip_minmax_accuracy.png> <./SIP/MinMax/MSFT/MSFT_sip_minmax_loss.png> <./SIP/MinMax/MSFT/MSFT_sip_minmax_cm.png> <./SIP/Standard/MSFT/MSFT_sip_standard_accuracy.png> <./SIP/Standard/MSFT/MSFT_sip_standard_loss.png> <./SIP/Standard/MSFT/MSFT_sip_standard_cm.png> <./IEX/Robust/NVDA/NVDA_iex_robust_accuracy.png> <./IEX/Robust/NVDA/NVDA_iex_robust_loss.png> <./IEX/Robust/NVDA/NVDA_iex_robust_cm.png>]
<IEX/Standard/NVDA/nvda_iex_standard_accuracy.png, id=736, 416.2752pt x 327.8649pt>
File: IEX/Standard/NVDA/nvda_iex_standard_accuracy.png Graphic file (type png)
<use IEX/Standard/NVDA/nvda_iex_standard_accuracy.png>
Package pdftex.def Info: IEX/Standard/NVDA/nvda_iex_standard_accuracy.png  used on input line 1067.
(pdftex.def)             Requested size: 136.57635pt x 107.57039pt.
<IEX/Standard/NVDA/nvda_iex_standard_loss.png, id=737, 410.0118pt x 327.8649pt>
File: IEX/Standard/NVDA/nvda_iex_standard_loss.png Graphic file (type png)
<use IEX/Standard/NVDA/nvda_iex_standard_loss.png>
Package pdftex.def Info: IEX/Standard/NVDA/nvda_iex_standard_loss.png  used on input line 1068.
(pdftex.def)             Requested size: 136.57635pt x 109.21132pt.
<IEX/Standard/NVDA/nvda_iex_standard_cm.png, id=738, 360.1455pt x 327.8649pt>
File: IEX/Standard/NVDA/nvda_iex_standard_cm.png Graphic file (type png)
<use IEX/Standard/NVDA/nvda_iex_standard_cm.png>
Package pdftex.def Info: IEX/Standard/NVDA/nvda_iex_standard_cm.png  used on input line 1069.
(pdftex.def)             Requested size: 136.57635pt x 124.33481pt.
<SIP/Robust/NVDA/nvda_sip_robust_accuracy.png, id=739, 425.6703pt x 327.8649pt>
File: SIP/Robust/NVDA/nvda_sip_robust_accuracy.png Graphic file (type png)
<use SIP/Robust/NVDA/nvda_sip_robust_accuracy.png>
Package pdftex.def Info: SIP/Robust/NVDA/nvda_sip_robust_accuracy.png  used on input line 1074.
(pdftex.def)             Requested size: 136.57635pt x 105.19406pt.
<SIP/Robust/NVDA/nvda_sip_robust_loss.png, id=740, 419.166pt x 327.8649pt>
File: SIP/Robust/NVDA/nvda_sip_robust_loss.png Graphic file (type png)
<use SIP/Robust/NVDA/nvda_sip_robust_loss.png>
Package pdftex.def Info: SIP/Robust/NVDA/nvda_sip_robust_loss.png  used on input line 1075.
(pdftex.def)             Requested size: 136.57635pt x 106.82997pt.
<SIP/Robust/NVDA/nvda_sip_robust_cm.png, id=741, 360.1455pt x 327.8649pt>
File: SIP/Robust/NVDA/nvda_sip_robust_cm.png Graphic file (type png)
<use SIP/Robust/NVDA/nvda_sip_robust_cm.png>
Package pdftex.def Info: SIP/Robust/NVDA/nvda_sip_robust_cm.png  used on input line 1076.
(pdftex.def)             Requested size: 136.57635pt x 124.33481pt.
<SIP/NoScaler/NVDA/nvda_sip_noscaler_accuracy.png, id=742, 422.7795pt x 327.8649pt>
File: SIP/NoScaler/NVDA/nvda_sip_noscaler_accuracy.png Graphic file (type png)
<use SIP/NoScaler/NVDA/nvda_sip_noscaler_accuracy.png>
Package pdftex.def Info: SIP/NoScaler/NVDA/nvda_sip_noscaler_accuracy.png  used on input line 1081.
(pdftex.def)             Requested size: 136.57635pt x 105.91446pt.
<SIP/NoScaler/NVDA/nvda_sip_noscaler_loss.png, id=743, 410.0118pt x 327.8649pt>
File: SIP/NoScaler/NVDA/nvda_sip_noscaler_loss.png Graphic file (type png)
<use SIP/NoScaler/NVDA/nvda_sip_noscaler_loss.png>
Package pdftex.def Info: SIP/NoScaler/NVDA/nvda_sip_noscaler_loss.png  used on input line 1082.
(pdftex.def)             Requested size: 136.57635pt x 109.21132pt.
<SIP/NoScaler/NVDA/nvda_sip_noscaler_cm.png, id=744, 360.1455pt x 327.8649pt>
File: SIP/NoScaler/NVDA/nvda_sip_noscaler_cm.png Graphic file (type png)
<use SIP/NoScaler/NVDA/nvda_sip_noscaler_cm.png>
Package pdftex.def Info: SIP/NoScaler/NVDA/nvda_sip_noscaler_cm.png  used on input line 1083.
(pdftex.def)             Requested size: 136.57635pt x 124.33481pt.
<SIP/MinMax/NVDA/nvda_sip_minmax_accuracy.png, id=745, 416.2752pt x 327.8649pt>
File: SIP/MinMax/NVDA/nvda_sip_minmax_accuracy.png Graphic file (type png)
<use SIP/MinMax/NVDA/nvda_sip_minmax_accuracy.png>
Package pdftex.def Info: SIP/MinMax/NVDA/nvda_sip_minmax_accuracy.png  used on input line 1088.
(pdftex.def)             Requested size: 136.57635pt x 107.57039pt.
<SIP/MinMax/NVDA/nvda_sip_minmax_loss.png, id=746, 416.2752pt x 327.8649pt>
File: SIP/MinMax/NVDA/nvda_sip_minmax_loss.png Graphic file (type png)
<use SIP/MinMax/NVDA/nvda_sip_minmax_loss.png>
Package pdftex.def Info: SIP/MinMax/NVDA/nvda_sip_minmax_loss.png  used on input line 1089.
(pdftex.def)             Requested size: 136.57635pt x 107.57039pt.
<SIP/MinMax/NVDA/nvda_sip_minmax_cm.png, id=747, 360.1455pt x 327.8649pt>
File: SIP/MinMax/NVDA/nvda_sip_minmax_cm.png Graphic file (type png)
<use SIP/MinMax/NVDA/nvda_sip_minmax_cm.png>
Package pdftex.def Info: SIP/MinMax/NVDA/nvda_sip_minmax_cm.png  used on input line 1090.
(pdftex.def)             Requested size: 136.57635pt x 124.33481pt.
 [30 <./IEX/NoScaler/NVDA/NVDA_iex_noscaler_accuracy.png> <./IEX/NoScaler/NVDA/NVDA_iex_noscaler_loss.png> <./IEX/NoScaler/NVDA/NVDA_iex_noscaler_cm.png> <./IEX/MinMax/NVDA/NVDA_iex_minmax_accuracy.png> <./IEX/MinMax/NVDA/NVDA_iex_minmax_loss.png> <./IEX/MinMax/NVDA/NVDA_iex_minmax_cm.png> <./IEX/Standard/NVDA/NVDA_iex_standard_accuracy.png> <./IEX/Standard/NVDA/NVDA_iex_standard_loss.png> <./IEX/Standard/NVDA/NVDA_iex_standard_cm.png> <./SIP/Robust/NVDA/NVDA_sip_robust_accuracy.png> <./SIP/Robust/NVDA/NVDA_sip_robust_loss.png> <./SIP/Robust/NVDA/NVDA_sip_robust_cm.png>]
<SIP/Standard/NVDA/nvda_sip_standard_accuracy.png, id=769, 422.7795pt x 327.8649pt>
File: SIP/Standard/NVDA/nvda_sip_standard_accuracy.png Graphic file (type png)
<use SIP/Standard/NVDA/nvda_sip_standard_accuracy.png>
Package pdftex.def Info: SIP/Standard/NVDA/nvda_sip_standard_accuracy.png  used on input line 1095.
(pdftex.def)             Requested size: 136.57635pt x 105.91446pt.
<SIP/Standard/NVDA/nvda_sip_standard_loss.png, id=770, 416.2752pt x 327.8649pt>
File: SIP/Standard/NVDA/nvda_sip_standard_loss.png Graphic file (type png)
<use SIP/Standard/NVDA/nvda_sip_standard_loss.png>
Package pdftex.def Info: SIP/Standard/NVDA/nvda_sip_standard_loss.png  used on input line 1096.
(pdftex.def)             Requested size: 136.57635pt x 107.57039pt.
<SIP/Standard/NVDA/nvda_sip_standard_cm.png, id=771, 360.1455pt x 327.8649pt>
File: SIP/Standard/NVDA/nvda_sip_standard_cm.png Graphic file (type png)
<use SIP/Standard/NVDA/nvda_sip_standard_cm.png>
Package pdftex.def Info: SIP/Standard/NVDA/nvda_sip_standard_cm.png  used on input line 1097.
(pdftex.def)             Requested size: 136.57635pt x 124.33481pt.
<IEX/Robust/VOO/voo_iex_robust_accuracy.png, id=772, 410.0118pt x 327.8649pt>
File: IEX/Robust/VOO/voo_iex_robust_accuracy.png Graphic file (type png)
<use IEX/Robust/VOO/voo_iex_robust_accuracy.png>
Package pdftex.def Info: IEX/Robust/VOO/voo_iex_robust_accuracy.png  used on input line 1104.
(pdftex.def)             Requested size: 136.57635pt x 109.21132pt.
<IEX/Robust/VOO/voo_iex_robust_loss.png, id=773, 410.0118pt x 327.8649pt>
File: IEX/Robust/VOO/voo_iex_robust_loss.png Graphic file (type png)
<use IEX/Robust/VOO/voo_iex_robust_loss.png>
Package pdftex.def Info: IEX/Robust/VOO/voo_iex_robust_loss.png  used on input line 1105.
(pdftex.def)             Requested size: 136.57635pt x 109.21132pt.
<IEX/Robust/VOO/voo_iex_robust_cm.png, id=774, 360.1455pt x 327.8649pt>
File: IEX/Robust/VOO/voo_iex_robust_cm.png Graphic file (type png)
<use IEX/Robust/VOO/voo_iex_robust_cm.png>
Package pdftex.def Info: IEX/Robust/VOO/voo_iex_robust_cm.png  used on input line 1106.
(pdftex.def)             Requested size: 136.57635pt x 124.33481pt.
<IEX/NoScaler/VOO/voo_iex_noscaler_accuracy.png, id=775, 425.1885pt x 327.8649pt>
File: IEX/NoScaler/VOO/voo_iex_noscaler_accuracy.png Graphic file (type png)
<use IEX/NoScaler/VOO/voo_iex_noscaler_accuracy.png>
Package pdftex.def Info: IEX/NoScaler/VOO/voo_iex_noscaler_accuracy.png  used on input line 1111.
(pdftex.def)             Requested size: 136.57635pt x 105.31412pt.
<IEX/NoScaler/VOO/voo_iex_noscaler_loss.png, id=776, 425.1885pt x 327.8649pt>
File: IEX/NoScaler/VOO/voo_iex_noscaler_loss.png Graphic file (type png)
<use IEX/NoScaler/VOO/voo_iex_noscaler_loss.png>
Package pdftex.def Info: IEX/NoScaler/VOO/voo_iex_noscaler_loss.png  used on input line 1112.
(pdftex.def)             Requested size: 136.57635pt x 105.31412pt.
<IEX/NoScaler/VOO/voo_iex_noscaler_cm.png, id=777, 360.1455pt x 327.8649pt>
File: IEX/NoScaler/VOO/voo_iex_noscaler_cm.png Graphic file (type png)
<use IEX/NoScaler/VOO/voo_iex_noscaler_cm.png>
Package pdftex.def Info: IEX/NoScaler/VOO/voo_iex_noscaler_cm.png  used on input line 1113.
(pdftex.def)             Requested size: 136.57635pt x 124.33481pt.
<IEX/MinMax/VOO/voo_iex_minmax_accuracy.png, id=778, 416.2752pt x 327.8649pt>
File: IEX/MinMax/VOO/voo_iex_minmax_accuracy.png Graphic file (type png)
<use IEX/MinMax/VOO/voo_iex_minmax_accuracy.png>
Package pdftex.def Info: IEX/MinMax/VOO/voo_iex_minmax_accuracy.png  used on input line 1118.
(pdftex.def)             Requested size: 136.57635pt x 107.57039pt.
<IEX/MinMax/VOO/voo_iex_minmax_loss.png, id=779, 410.0118pt x 327.8649pt>
File: IEX/MinMax/VOO/voo_iex_minmax_loss.png Graphic file (type png)
<use IEX/MinMax/VOO/voo_iex_minmax_loss.png>
Package pdftex.def Info: IEX/MinMax/VOO/voo_iex_minmax_loss.png  used on input line 1119.
(pdftex.def)             Requested size: 136.57635pt x 109.21132pt.
<IEX/MinMax/VOO/voo_iex_minmax_cm.png, id=780, 360.1455pt x 327.8649pt>
File: IEX/MinMax/VOO/voo_iex_minmax_cm.png Graphic file (type png)
<use IEX/MinMax/VOO/voo_iex_minmax_cm.png>
Package pdftex.def Info: IEX/MinMax/VOO/voo_iex_minmax_cm.png  used on input line 1120.
(pdftex.def)             Requested size: 136.57635pt x 124.33481pt.
 [31 <./SIP/NoScaler/NVDA/NVDA_sip_noscaler_accuracy.png> <./SIP/NoScaler/NVDA/NVDA_sip_noscaler_loss.png> <./SIP/NoScaler/NVDA/NVDA_sip_noscaler_cm.png> <./SIP/MinMax/NVDA/NVDA_sip_minmax_accuracy.png> <./SIP/MinMax/NVDA/NVDA_sip_minmax_loss.png> <./SIP/MinMax/NVDA/NVDA_sip_minmax_cm.png> <./SIP/Standard/NVDA/NVDA_sip_standard_accuracy.png> <./SIP/Standard/NVDA/NVDA_sip_standard_loss.png> <./SIP/Standard/NVDA/NVDA_sip_standard_cm.png> <./IEX/Robust/VOO/VOO_iex_robust_accuracy.png> <./IEX/Robust/VOO/VOO_iex_robust_loss.png> <./IEX/Robust/VOO/VOO_iex_robust_cm.png>]
<IEX/Standard/VOO/voo_iex_standard_accuracy.png, id=801, 410.0118pt x 327.8649pt>
File: IEX/Standard/VOO/voo_iex_standard_accuracy.png Graphic file (type png)
<use IEX/Standard/VOO/voo_iex_standard_accuracy.png>
Package pdftex.def Info: IEX/Standard/VOO/voo_iex_standard_accuracy.png  used on input line 1125.
(pdftex.def)             Requested size: 136.57635pt x 109.21132pt.
<IEX/Standard/VOO/voo_iex_standard_loss.png, id=802, 410.0118pt x 327.8649pt>
File: IEX/Standard/VOO/voo_iex_standard_loss.png Graphic file (type png)
<use IEX/Standard/VOO/voo_iex_standard_loss.png>
Package pdftex.def Info: IEX/Standard/VOO/voo_iex_standard_loss.png  used on input line 1126.
(pdftex.def)             Requested size: 136.57635pt x 109.21132pt.
<IEX/Standard/VOO/voo_iex_standard_cm.png, id=803, 360.1455pt x 327.8649pt>
File: IEX/Standard/VOO/voo_iex_standard_cm.png Graphic file (type png)
<use IEX/Standard/VOO/voo_iex_standard_cm.png>
Package pdftex.def Info: IEX/Standard/VOO/voo_iex_standard_cm.png  used on input line 1127.
(pdftex.def)             Requested size: 136.57635pt x 124.33481pt.
<SIP/Robust/VOO/voo_sip_robust_accuracy.png, id=804, 431.6928pt x 327.8649pt>
File: SIP/Robust/VOO/voo_sip_robust_accuracy.png Graphic file (type png)
<use SIP/Robust/VOO/voo_sip_robust_accuracy.png>
Package pdftex.def Info: SIP/Robust/VOO/voo_sip_robust_accuracy.png  used on input line 1132.
(pdftex.def)             Requested size: 136.57635pt x 103.72824pt.
<SIP/Robust/VOO/voo_sip_robust_loss.png, id=805, 425.1885pt x 327.8649pt>
File: SIP/Robust/VOO/voo_sip_robust_loss.png Graphic file (type png)
<use SIP/Robust/VOO/voo_sip_robust_loss.png>
Package pdftex.def Info: SIP/Robust/VOO/voo_sip_robust_loss.png  used on input line 1133.
(pdftex.def)             Requested size: 136.57635pt x 105.31412pt.
<SIP/Robust/VOO/voo_sip_robust_cm.png, id=806, 360.1455pt x 327.8649pt>
File: SIP/Robust/VOO/voo_sip_robust_cm.png Graphic file (type png)
<use SIP/Robust/VOO/voo_sip_robust_cm.png>
Package pdftex.def Info: SIP/Robust/VOO/voo_sip_robust_cm.png  used on input line 1134.
(pdftex.def)             Requested size: 136.57635pt x 124.33481pt.
<SIP/NoScaler/VOO/voo_sip_noscaler_accuracy.png, id=807, 422.7795pt x 327.8649pt>
File: SIP/NoScaler/VOO/voo_sip_noscaler_accuracy.png Graphic file (type png)
<use SIP/NoScaler/VOO/voo_sip_noscaler_accuracy.png>
Package pdftex.def Info: SIP/NoScaler/VOO/voo_sip_noscaler_accuracy.png  used on input line 1139.
(pdftex.def)             Requested size: 136.57635pt x 105.91446pt.
<SIP/NoScaler/VOO/voo_sip_noscaler_loss.png, id=808, 416.2752pt x 327.8649pt>
File: SIP/NoScaler/VOO/voo_sip_noscaler_loss.png Graphic file (type png)
<use SIP/NoScaler/VOO/voo_sip_noscaler_loss.png>
Package pdftex.def Info: SIP/NoScaler/VOO/voo_sip_noscaler_loss.png  used on input line 1140.
(pdftex.def)             Requested size: 136.57635pt x 107.57039pt.
<SIP/NoScaler/VOO/voo_sip_noscaler_cm.png, id=809, 360.1455pt x 327.8649pt>
File: SIP/NoScaler/VOO/voo_sip_noscaler_cm.png Graphic file (type png)
<use SIP/NoScaler/VOO/voo_sip_noscaler_cm.png>
Package pdftex.def Info: SIP/NoScaler/VOO/voo_sip_noscaler_cm.png  used on input line 1141.
(pdftex.def)             Requested size: 136.57635pt x 124.33481pt.
<SIP/MinMax/VOO/voo_sip_minmax_accuracy.png, id=810, 422.7795pt x 327.8649pt>
File: SIP/MinMax/VOO/voo_sip_minmax_accuracy.png Graphic file (type png)
<use SIP/MinMax/VOO/voo_sip_minmax_accuracy.png>
Package pdftex.def Info: SIP/MinMax/VOO/voo_sip_minmax_accuracy.png  used on input line 1146.
(pdftex.def)             Requested size: 136.57635pt x 105.91446pt.
<SIP/MinMax/VOO/voo_sip_minmax_loss.png, id=811, 416.2752pt x 327.8649pt>
File: SIP/MinMax/VOO/voo_sip_minmax_loss.png Graphic file (type png)
<use SIP/MinMax/VOO/voo_sip_minmax_loss.png>
Package pdftex.def Info: SIP/MinMax/VOO/voo_sip_minmax_loss.png  used on input line 1147.
(pdftex.def)             Requested size: 136.57635pt x 107.57039pt.
<SIP/MinMax/VOO/voo_sip_minmax_cm.png, id=812, 360.1455pt x 327.8649pt>
File: SIP/MinMax/VOO/voo_sip_minmax_cm.png Graphic file (type png)
<use SIP/MinMax/VOO/voo_sip_minmax_cm.png>
Package pdftex.def Info: SIP/MinMax/VOO/voo_sip_minmax_cm.png  used on input line 1148.
(pdftex.def)             Requested size: 136.57635pt x 124.33481pt.
 [32 <./IEX/NoScaler/VOO/VOO_iex_noscaler_accuracy.png> <./IEX/NoScaler/VOO/VOO_iex_noscaler_loss.png> <./IEX/NoScaler/VOO/VOO_iex_noscaler_cm.png> <./IEX/MinMax/VOO/VOO_iex_minmax_accuracy.png> <./IEX/MinMax/VOO/VOO_iex_minmax_loss.png> <./IEX/MinMax/VOO/VOO_iex_minmax_cm.png> <./IEX/Standard/VOO/VOO_iex_standard_accuracy.png> <./IEX/Standard/VOO/VOO_iex_standard_loss.png> <./IEX/Standard/VOO/VOO_iex_standard_cm.png> <./SIP/Robust/VOO/VOO_sip_robust_accuracy.png> <./SIP/Robust/VOO/VOO_sip_robust_loss.png> <./SIP/Robust/VOO/VOO_sip_robust_cm.png>]
<SIP/Standard/VOO/voo_sip_standard_accuracy.png, id=833, 422.7795pt x 327.8649pt>
File: SIP/Standard/VOO/voo_sip_standard_accuracy.png Graphic file (type png)
<use SIP/Standard/VOO/voo_sip_standard_accuracy.png>
Package pdftex.def Info: SIP/Standard/VOO/voo_sip_standard_accuracy.png  used on input line 1153.
(pdftex.def)             Requested size: 136.57635pt x 105.91446pt.
<SIP/Standard/VOO/voo_sip_standard_loss.png, id=834, 416.2752pt x 327.8649pt>
File: SIP/Standard/VOO/voo_sip_standard_loss.png Graphic file (type png)
<use SIP/Standard/VOO/voo_sip_standard_loss.png>
Package pdftex.def Info: SIP/Standard/VOO/voo_sip_standard_loss.png  used on input line 1154.
(pdftex.def)             Requested size: 136.57635pt x 107.57039pt.
<SIP/Standard/VOO/voo_sip_standard_cm.png, id=835, 360.1455pt x 327.8649pt>
File: SIP/Standard/VOO/voo_sip_standard_cm.png Graphic file (type png)
<use SIP/Standard/VOO/voo_sip_standard_cm.png>
Package pdftex.def Info: SIP/Standard/VOO/voo_sip_standard_cm.png  used on input line 1155.
(pdftex.def)             Requested size: 136.57635pt x 124.33481pt.
 [33 <./SIP/NoScaler/VOO/VOO_sip_noscaler_accuracy.png> <./SIP/NoScaler/VOO/VOO_sip_noscaler_loss.png> <./SIP/NoScaler/VOO/VOO_sip_noscaler_cm.png> <./SIP/MinMax/VOO/VOO_sip_minmax_accuracy.png> <./SIP/MinMax/VOO/VOO_sip_minmax_loss.png> <./SIP/MinMax/VOO/VOO_sip_minmax_cm.png> <./SIP/Standard/VOO/VOO_sip_standard_accuracy.png> <./SIP/Standard/VOO/VOO_sip_standard_loss.png> <./SIP/Standard/VOO/VOO_sip_standard_cm.png>] (./main.bbl
Underfull \hbox (badness 3492) in paragraph at lines 16--18
[]\T1/cmr/m/n/10 (+20) Olah, C.: Un-der-stand-ing lstm net-works (2015), []$\T1/cmtt/m/n/10 https : / / colah . github . io / posts /
 []

) [34] (./main.aux)
Package rerunfilecheck Info: File `main.out' has not changed.
(rerunfilecheck)             Checksum: 1B32FFD85284010B69BE3A966AAE191E;7120.
 ) 
Here is how much of TeX's memory you used:
 31917 strings out of 478287
 660321 string characters out of 5849289
 968424 words of memory out of 5000000
 49042 multiletter control sequences out of 15000+600000
 486558 words of font info for 132 fonts, out of 8000000 for 9000
 1141 hyphenation exceptions out of 8191
 99i,9n,104p,1352b,928s stack positions out of 5000i,500n,10000p,200000b,80000s
{/usr/share/texmf/fonts/enc/dvips/cm-super/cm-super-t1.enc}{/usr/share/texmf/fonts/enc/dvips/cm-super/cm-super-ts1.enc}</usr/share/texlive/texmf-dist/fonts/type1/public/amsfonts/cm/cmex10.pfb></usr/share/texlive/texmf-dist/fonts/type1/public/amsfonts/cm/cmmi10.pfb></usr/share/texlive/texmf-dist/fonts/type1/public/amsfonts/cm/cmmi7.pfb></usr/share/texlive/texmf-dist/fonts/type1/public/amsfonts/cm/cmr10.pfb></usr/share/texlive/texmf-dist/fonts/type1/public/amsfonts/cm/cmr7.pfb></usr/share/texlive/texmf-dist/fonts/type1/public/amsfonts/cm/cmsy10.pfb></usr/share/texlive/texmf-dist/fonts/type1/public/amsfonts/cm/cmsy7.pfb></usr/share/texmf/fonts/type1/public/cm-super/sfbx0700.pfb></usr/share/texmf/fonts/type1/public/cm-super/sfbx1000.pfb></usr/share/texmf/fonts/type1/public/cm-super/sfbx1200.pfb></usr/share/texmf/fonts/type1/public/cm-super/sfbx1440.pfb></usr/share/texmf/fonts/type1/public/cm-super/sfbx1728.pfb></usr/share/texmf/fonts/type1/public/cm-super/sfrm0700.pfb></usr/share/texmf/fonts/type1/public/cm-super/sfrm0800.pfb></usr/share/texmf/fonts/type1/public/cm-super/sfrm1000.pfb></usr/share/texmf/fonts/type1/public/cm-super/sfrm1200.pfb></usr/share/texmf/fonts/type1/public/cm-super/sftt1000.pfb>
Output written on main.pdf (35 pages, 23059748 bytes).
PDF statistics:
 971 PDF objects out of 1000 (max. 8388607)
 501 compressed objects within 6 object streams
 168 named destinations out of 1000 (max. 500000)
 36697 words of extra memory for PDF output out of 42996 (max. 10000000)

